transDate	openPrice	highestPrice	lowestPrice	closePrice	volume	value	adjROI
20060831	28.3	28.34	26.49	26.55	13443	358810	1.6462
20060901	26.7	26.71	26.55	26.62	3744	99632	0.2637
20060904	26.67	27.08	26.67	26.99	4963	133549	1.3899
20060905	27	27.05	26.88	26.92	4564	123066	-0.2594
20060906	26.85	26.85	26.42	26.6	3172	84674	-1.1887
20060907	26.4	26.75	26.38	26.75	5818	154096	0.5639
20060908	26.74	26.87	26.61	26.87	4548	121613	0.4486
20060911	26.95	27.19	26.61	26.93	3310	89268	0.2233
20060912	26.93	26.93	26.58	26.75	1744	46568	-0.6684
20060913	26.77	26.85	26.58	26.62	1166	31108	-0.486
20060914	26.68	26.86	26.1	26.28	6846	180042	-1.2772
20060915	26.2	26.59	26.2	26.59	937	24732	1.1796
20060918	26.99	27.6	26.9	27.6	4948	134631	3.7984
20060919	27.6	27.72	27.45	27.67	4258	117476	0.2536
20060920	27.67	27.7	27.43	27.64	1646	45297	-0.1084
20060921	27.8	27.8	27.46	27.71	2929	80830	0.2533
20060922	27.61	27.73	27.5	27.73	1471	40643	0.0722
20060925	27.73	27.91	27.4	27.91	1996	55450	0.6491
20060926	28	28	27.81	27.83	1230	34343	-0.2866
20060927	28	28.09	27.85	28.09	1730	48447	0.9342
20060928	28.09	28.13	27.76	27.87	2130	59514	-0.7832
20060929	28	28	27.79	27.96	1892	52779	0.3229
20061002	28.2	28.4	28.1	28.27	1489	42103	1.1087
20061003	28.24	28.35	28.2	28.3	1489	42121	0.1061
20061004	28.39	28.4	27.91	27.95	1874	52690	-1.2367
20061005	28.19	28.35	28.06	28.34	2540	71705	1.3953
20061011	27.11	28.5	27.11	28.48	2172	61526	0.494
20061012	28.5	28.55	28.4	28.48	1896	53999	0
20061013	28.5	28.9	28.5	28.85	3825	109811	1.2992
20061014	28.89	28.97	28.83	28.94	1589	45925	0.312
20061016	28.96	29.1	28.94	29.04	4092	118861	0.3455
20061017	29.04	29.04	28.75	28.77	1541	44480	-0.9298
20061018	28.51	28.73	28.48	28.59	3240	92709	-0.6257
20061019	28.62	28.69	28.55	28.6	1536	43980	0.035
20061020	28.6	28.85	28.6	28.85	1615	46439	0.8741
20061023	28.8	28.83	28.6	28.72	1557	44711	-0.4506
20061024	28.8	28.93	28.8	28.82	2445	70527	0.3482
20061025	28.89	28.95	28.76	28.76	3480	100460	-0.2082
20061026	28.76	28.9	28.76	28.81	2746	79244	0.1739
20061027	28.82	28.9	28.6	28.6	2572	73997	-0.7289
20061030	28.55	28.55	28.23	28.34	2573	72939	-0.9091
20061031	28.34	28.42	28.3	28.37	725	20575	0.1059
20061101	28.35	28.48	28.35	28.43	1165	33148	0.2115
20061102	28.43	28.6	28.32	28.6	2296	65373	0.598
20061103	28.63	29.12	28.63	29.1	4540	131420	1.7483
20061106	28.8	29.08	28.61	28.99	3630	104665	-0.378
20061107	29.13	29.23	29.11	29.14	2005	58482	0.5174
20061108	29.15	29.18	29.1	29.18	544	15858	0.1373
20061109	29.41	29.42	29	29.07	1152	33770	-0.377
20061110	29.07	29.1	28.81	29.1	939	27263	0.1032
20061113	29.12	29.13	28.95	29.08	1195	34699	-0.0687
20061114	29.08	29.35	29.08	29.28	1902	55556	0.6878
20061115	29.32	29.41	29.2	29.4	918	26944	0.4098
20061116	29.5	29.66	29.45	29.5	2509	74204	0.3401
20061117	29.65	29.67	29.57	29.6	258	7644	0.339
20061120	29.65	29.72	29.6	29.68	444	13176	0.2703
20061121	29.75	29.85	29.68	29.85	3268	97168	0.5728
20061122	29.85	30.09	29.8	30.09	391	11690	0.804
20061123	30.07	30.5	30	30.29	1754	53227	0.6647
20061124	30.29	30.71	30.25	30.71	2583	78850	1.3866
20061127	30.81	30.98	30.74	30.98	3525	108916	0.8792
20061128	30.87	30.89	30.7	30.89	1385	42736	-0.2905
20061129	30.9	31.08	30.7	30.8	1241	38323	-0.2914
20061130	31.17	31.24	31.03	31.24	750	23360	1.4286
20061201	31.5	31.56	31.3	31.45	2753	86674	0.6722
20061204	31.59	31.8	31.4	31.62	665	21015	0.5405
20061205	31.98	31.99	31.14	31.3	1924	60699	-1.012
20061206	31.3	31.77	31.11	31.77	2347	73732	1.5016
20061207	31.87	31.87	31.51	31.63	493	15620	-0.4407
20061208	31.63	31.65	31.45	31.5	1102	34720	-0.411
20061211	31.4	31.62	31.36	31.51	597	18790	0.0317
20061212	31.65	31.65	31	31.28	1557	48703	-0.7299
20061213	31.3	31.4	30.6	31.2	1007	31269	-0.2558
20061214	31.2	31.44	31.06	31.29	739	23115	0.2885
20061215	31.5	31.5	31.37	31.46	831	26131	0.5433
20061218	31.5	31.69	31.46	31.69	4830	152673	0.7311
20061219	31.7	31.84	31.65	31.69	1919	60909	0
20061220	31.69	31.96	31.69	31.92	2885	91935	0.7258
20061221	31.9	31.95	31.62	31.76	2175	69250	-0.5013
20061222	31.73	31.86	31.7	31.85	908	28878	0.2834
20061225	31.85	31.93	31.7	31.9	1038	33048	0.157
20061226	31.9	32.43	31.9	32.43	2493	80098	1.6614
20061227	32.5	32.71	32.5	32.62	4713	153901	0.5859
20061228	32.72	32.79	32.33	32.57	1889	61354	-0.1533
20061229	32.65	33	32.34	33	2116	68917	1.3202
20070102	32.98	33.15	32.7	33.15	2536	83528	0.4545
20070103	33.15	33.34	32.91	33.15	1461	48448	0
20070104	33.05	33.22	32.97	32.99	2124	70258	-0.4827
20070105	33	33.29	32.5	32.66	1449	47536	-1.0003
20070108	32.65	32.65	32.21	32.3	1671	54156	-1.1023
20070109	32.2	32.64	32.2	32.53	1226	39857	0.7121
20070110	32.41	32.47	32.16	32.18	1397	45035	-1.0759
20070111	32.18	32.35	31.55	31.63	1251	40022	-1.7091
20070112	31.63	32.24	31.63	32	1308	41906	1.1698
20070115	32.29	32.46	31.5	32.35	1419	45573	1.0938
20070116	32.35	32.39	32.25	32.35	395	12774	0
20070117	32.25	32.4	32.11	32.26	1180	38077	-0.2782
20070118	32.26	32.75	32.26	32.75	2384	77772	1.5189
20070119	32.7	32.78	32.6	32.7	1400	45806	-0.1527
20070122	32.7	32.7	32.42	32.7	555	18065	0
20070123	32.67	32.67	32.5	32.6	243	7919	-0.3058
20070124	32.68	32.9	32.68	32.8	783	25680	0.6135
20070125	32	32.9	32	32.7	1020	33361	-0.3049
20070126	32.66	32.66	32.45	32.51	319	10379	-0.581
20070129	32.31	32.51	32.1	32.21	751	24301	-0.9228
20070130	32.2	32.21	31.95	32.15	927	29728	-0.1863
20070131	32.15	32.15	31.6	31.72	1294	41292	-1.3375
20070201	31.85	32	31.85	31.89	475	15175	0.5359
20070202	32	32.18	32	32.16	268	8595	0.8467
20070205	32.15	32.25	32.1	32.15	448	14401	-0.0311
20070206	32.19	32.44	32.19	32.44	610	19717	0.902
20070207	32.44	32.58	32.31	32.31	417	13530	-0.4007
20070208	32.37	32.44	32.05	32.24	706	22799	-0.2167
20070209	32.24	32.4	32.18	32.35	870	28147	0.3412
20070212	32.34	32.34	32.05	32.2	537	17291	-0.4637
20070213	32.2	32.35	32.1	32.25	613	19764	0.1553
20070214	32.2	32.5	32.2	32.5	510	16502	0.7752
20070226	32.85	32.93	32.7	32.93	1317	43269	1.3231
20070227	32.93	33	32.76	32.88	443	14587	-0.1518
20070301	32.31	32.5	32.01	32.17	740	23865	-2.1594
20070302	32	32.28	31.95	32.28	4151	133273	0.3419
20070303	32.2	32.2	31.8	31.84	674	21564	-1.3631
20070305	31.84	31.84	30.2	30.59	1940	59900	-3.9259
20070306	30.5	32.73	30.15	32.73	1426	43750	6.9958
20070307	31.32	31.32	30.91	31.1	1339	41628	-4.9801
20070308	31.3	31.48	31.12	31.4	394	12348	0.9646
20070309	31.4	31.6	31.4	31.5	449	14154	0.3185
20070312	31.5	31.66	31.5	31.66	507	16035	0.5079
20070313	31.69	31.79	31.66	31.78	423	13426	0.379
20070314	31.4	31.48	31.22	31.42	476	14910	-1.1328
20070315	31.59	31.85	31.55	31.85	700	22222	1.3686
20070316	31.82	32.09	31.81	32.05	803	25624	0.6279
20070319	32.01	32.2	31.95	32.2	681	21843	0.468
20070320	32.2	32.3	32.01	32.01	445	14295	-0.5901
20070321	32.03	32.2	32	32.1	417	13360	0.2812
20070322	32.15	32.37	32.15	32.37	772	24912	0.8411
20070323	32.37	32.58	32.27	32.5	1476	47904	0.4016
20070326	32.49	32.8	32.49	32.8	581	18973	0.9231
20070327	32.79	32.83	32.64	32.64	580	19021	-0.4878
20070328	32.64	32.64	32.44	32.48	397	12925	-0.4902
20070329	32.43	32.64	32.4	32.64	282	9162	0.4926
20070330	32.64	32.84	32.64	32.72	345	11296	0.2451
20070402	32.73	32.85	32.73	32.75	370	12130	0.0917
20070403	32.75	33	32.72	33	479	15771	0.7634
20070404	33.11	33.33	33.06	33.33	863	28654	1
20070409	33.35	33.62	33.35	33.62	854	28650	0.8701
20070410	33.62	33.64	33.48	33.64	721	24197	0.0595
20070411	33.61	33.75	33.6	33.73	488	16420	0.2675
20070412	33.68	33.69	33.61	33.69	933	31403	-0.1186
20070413	33.68	33.7	33.25	33.25	912	30638	-1.306
20070414	33.3	33.54	33.3	33.4	569	19034	0.4511
20070416	33.6	33.65	33.28	33.35	988	33074	-0.1497
20070417	33.59	33.64	32.8	32.8	1145	38062	-1.6492
20070418	32.9	33	32.75	32.89	85	2792	0.2744
20070419	32.89	32.96	32.4	32.4	1151	37750	-1.4898
20070420	32.5	32.75	32.5	32.51	1082	35327	0.3395
20070423	32.9	33.1	32.75	32.83	779	25746	0.9843
20070424	32.83	32.99	32.7	32.99	287	9432	0.4874
20070425	32.81	32.86	32.7	32.8	138	4526	-0.5759
20070426	32.9	32.95	32.8	32.8	110	3613	0
20070427	32.8	32.99	32.7	32.72	100	3272	-0.2439
20070430	32.72	32.72	32.07	32.07	408	13128	-1.9866
20070502	32.07	32.2	32.01	32.02	372	11935	-0.1559
20070503	32.2	32.2	31.5	31.75	1530	48619	-0.8432
20070504	32	32.41	31.96	32.41	619	19859	2.0787
20070507	32.5	32.66	32.49	32.6	455	14812	0.5862
20070508	32.6	32.65	32.5	32.65	101	3291	0.1534
20070509	32.65	32.69	32.5	32.5	182	5930	-0.4594
20070510	32.5	32.7	32.5	32.7	166	5400	0.6154
20070511	32.5	32.55	32.41	32.55	172	5582	-0.4587
20070514	32.55	32.55	32.31	32.45	160	5181	-0.3072
20070515	32.43	32.43	32.21	32.4	396	12822	-0.1541
20070516	32.4	32.4	32.21	32.35	177	5714	-0.1543
20070517	32.35	32.5	32.35	32.45	131	4253	0.3091
20070518	32.45	32.5	32.41	32.42	67	2173	-0.0924
20070521	32.42	32.66	32.42	32.65	428	13935	0.7094
20070522	32.65	32.95	32.65	32.9	582	19112	0.7657
20070523	32.9	33.16	32.9	33.11	894	29583	0.6383
20070524	33.01	33.11	32.91	33	388	12825	-0.3322
20070525	32.84	32.93	32.7	32.9	154	5062	-0.303
20070528	32.98	33	32.92	32.95	150	4947	0.152
20070529	33	33.05	32.91	32.92	133	4385	-0.091
20070530	32.92	32.92	32.75	32.75	141	4621	-0.5164
20070531	33	33.15	32.9	33.13	162	5355	1.1603
20070601	33.18	33.27	33	33.26	193	6409	0.3924
20070604	33.3	33.7	33.27	33.69	649	21683	1.2928
20070605	33.39	33.63	33.39	33.6	414	13895	-0.2671
20070606	33.4	33.9	33.4	33.55	337	11349	-0.1488
20070607	33.45	33.65	33.3	33.61	115	3848	0.1788
20070608	33.55	33.64	33.41	33.64	259	8669	0.0893
20070611	33.68	33.8	33.65	33.8	390	13128	0.4756
20070612	33.7	33.86	33.7	33.84	170	5743	0.1183
20070613	33.9	33.9	33.7	33.7	191	6460	-0.4137
20070614	33.8	34	33.8	33.9	209	7095	0.5935
20070615	34.2	34.25	33.96	34.2	397	13558	0.885
20070620	34.3	34.8	34.3	34.8	704	24268	1.7544
20070621	34.8	35.4	34.8	35.4	905	31546	1.7241
20070622	35.6	35.8	35.3	35.6	664	23567	0.565
20070623	35	35.8	35	35.8	197	6985	0.5618
20070625	35.8	36.35	35.8	36.18	649	23472	1.0615
20070626	36.69	36.69	35.6	35.65	377	13543	-1.4649
20070627	35.65	35.7	35.3	35.55	394	14024	-0.2805
20070628	35.65	36	35.65	35.8	299	10682	0.7032
20070629	36	36	35.74	35.78	227	8126	-0.0559
20070702	35.8	35.9	35.78	35.9	174	6228	0.3354
20070703	36.05	36.4	36.05	36.4	257	9331	1.3928
20070704	36.45	37.2	36.45	36.9	795	29405	1.3736
20070705	36.97	37.2	36.9	37.2	392	14522	0.813
20070706	37.2	37.78	37.2	37.7	407	15257	1.3441
20070709	38	38.5	38	38.5	736	28264	2.122
20070710	38.8	38.8	38.2	38.7	449	17320	0.5195
20070711	38.5	38.55	38.3	38.5	1685	64704	-0.5168
20070712	38.9	39	38.6	39	1675	64837	1.2987
20070713	40	40	39.1	39.3	692	27240	0.7692
20070716	39.5	39.88	39	39	481	19006	-0.7634
20070717	39.3	39.5	38.7	39.5	898	35012	1.2821
20070718	38.7	40.05	38.7	39.89	518	20558	0.9873
20070719	39.9	40.25	39.5	40.1	892	35665	0.5264
20070720	40.1	40.6	40	40.5	428	17227	0.9975
20070723	40.35	41.3	40.35	41.2	348	14295	1.7284
20070724	41.6	41.75	41.2	41.3	684	28482	0.2427
20070725	41.3	41.93	41	41.93	554	22938	1.5254
20070726	41.93	42.7	41.1	41.12	651	27146	-1.9318
20070727	40	40.6	39.5	39.7	729	29170	-3.4533
20070730	39.02	39.4	38.7	38.95	1075	41913	-1.8892
20070731	39.1	40.3	39.1	40.09	509	20311	2.9268
20070801	39.69	41	39.1	39.1	690	27425	-2.4694
20070802	39.37	40	37.6	39	855	33222	-0.2558
20070803	39.4	39.85	39.03	39.1	468	18447	0.2564
20070806	38.6	38.6	38.15	38.49	272	10431	-1.5601
20070807	39.05	39.09	38.5	38.7	224	8666	0.5456
20070808	38.8	39.21	38.77	39.21	268	10452	1.3178
20070809	39.5	39.99	39.5	39.96	395	15763	1.9128
20070810	39.41	39.49	38.81	38.83	601	23504	-2.8278
20070813	39.2	39.2	38.63	38.7	336	13067	-0.3348
20070814	38.65	38.8	38.3	38.56	402	15504	-0.3618
20070815	38.35	38.35	36.75	36.8	846	31592	-4.5643
20070816	36.8	36.8	34.9	35	1131	39860	-4.8913
20070817	35	35.35	33.31	33.7	1671	57766	-3.7143
20070820	34.33	36.05	34.33	35.99	1838	64504	6.7953
20070821	36.1	36.1	35	35.68	830	29579	-0.8614
20070822	35.5	35.68	35.1	35.6	501	17717	-0.2242
20070823	36.6	36.8	36.2	36.38	424	15445	2.191
20070824	36.4	36.45	36	36.26	214	7751	-0.3299
20070827	37	37	36.3	36.35	289	10572	0.2482
20070828	36.35	36.46	36.2	36.2	266	9649	-0.4127
20070829	35.5	35.9	35.25	35.8	151	5366	-1.105
20070830	36.1	36.6	36.1	36.5	217	7914	1.9553
20070831	36.35	37.16	36.35	37.16	480	17681	1.8082
20070903	37.5	37.7	37.3	37.45	188	7045	0.7804
20070904	37.8	37.8	36.94	37.3	414	15441	-0.4005
20070905	37.7	37.7	37.19	37.19	124	4648	-0.2949
20070906	36.99	37.7	36.55	37.65	207	7659	1.2369
20070907	37.65	37.9	37.65	37.7	197	7457	0.1328
20070910	37.5	37.6	37	37.6	185	6902	-0.2653
20070911	37.33	37.85	37.33	37.85	158	5964	0.6649
20070912	38.2	38.4	38	38.01	159	6066	0.4227
20070913	38	38.05	37.65	37.7	201	7610	-0.8156
20070914	37.85	37.98	37.57	37.92	161	6074	0.5836
20070917	38	38	37.3	37.45	196	7373	-1.2395
20070919	37.9	38	36.9	37	670	25015	-1.2016
20070920	37.05	37.6	37.01	37.01	456	16972	0.027
20070921	37	37.58	37	37.58	211	7893	1.5401
20070926	37.8	39.5	37.8	39.45	1217	47095	4.9761
20070927	39.55	39.55	39	39.47	577	22742	0.0507
20070928	39.8	39.8	39.47	39.5	300	11870	0.076
20070929	39.5	39.88	39.5	39.76	338	13425	0.6582
20071001	39.9	40	39.78	39.9	243	9696	0.3521
20071002	40	40.47	40	40.3	385	15560	1.0025
20071003	40.3	40.5	40.05	40.2	388	15604	-0.2481
20071004	39.8	40.1	39.72	39.9	224	8928	-0.7463
20071005	39.72	39.86	39.5	39.77	178	7066	-0.3258
20071008	39.81	40.03	39.78	39.89	234	9353	0.3017
20071009	39.9	39.9	39.4	39.5	179	7093	-0.9777
20071011	39.6	39.9	39.5	39.88	667	26479	0.962
20071012	39.65	39.78	39.3	39.3	310	12276	-1.4544
20071015	39.3	39.4	39.09	39.3	93	3649	0
20071016	39.1	39.75	39.1	39.75	243	9610	1.145
20071017	39.33	39.7	39.23	39.58	149	5870	-0.4277
20071018	39.58	39.79	39.58	39.79	215	8530	0.5306
20071019	39.8	39.98	39.78	39.85	204	8132	0.1508
20071022	38.5	38.9	38.45	38.79	157	6060	-2.66
20071023	38.79	40.1	38.79	39.73	594	23631	2.4233
20071024	39.8	40.25	39.8	40	830	33266	0.6796
20071025	40	40.1	39.82	40	423	16934	0
20071026	40.1	40.3	39.99	40.25	175	7013	0.625
20071029	40.48	40.65	40.3	40.65	262	10624	0.9938
20071030	40.89	40.89	40.51	40.56	171	6944	-0.2214
20071031	40.56	40.56	40.23	40.25	96	3876	-0.7643
20071101	40.68	40.68	39.7	39.9	63	2527	-0.8696
20071102	39	39	38.75	38.8	461	17959	-2.7569
20071105	38.8	39	37.85	38.7	463	17770	-0.2577
20071106	38.3	38.7	38.3	38.6	196	7546	-0.2584
20071107	38.7	39.18	38.7	38.73	84	3269	0.3368
20071108	38	38.3	37	37.3	250	9444	-3.6922
20071109	37.3	37.35	36.4	36.7	838	30839	-1.6086
20071112	36.3	36.3	35.1	35.45	1208	43122	-3.406
20071113	35.5	35.58	35.21	35.26	876	31041	-0.536
20071114	36.7	36.7	36.25	36.68	437	15978	4.0272
20071115	36.68	36.95	36.5	36.62	198	7263	-0.1636
20071116	36	36.32	35.85	36.3	428	15458	-0.8738
20071119	36.35	36.55	36.12	36.3	592	21568	0
20071120	35.3	36.3	34.8	36.28	998	35064	-0.0551
20071121	36.28	36.28	35.8	36	229	8255	-0.7718
20071122	35.55	35.9	35.4	35.4	678	24170	-1.6667
20071123	35.4	35.4	33.7	33.75	1721	59761	-2.4859
20071126	34.5	34.5	33.85	34.3	509	17329	1.6296
20071127	33.85	33.85	33.15	33.52	621	20764	-2.2741
20071128	33.79	33.79	33.3	33.39	240	8053	-0.3878
20071129	33.9	34	33.75	33.75	579	19610	1.0782
20071130	34.2	34.37	34.01	34.3	317	10862	1.6296
20071203	34.5	34.55	34.3	34.54	370	12767	0.6997
20071204	34.54	34.93	34.4	34.93	469	16282	1.1291
20071205	34.75	35.25	34.75	35.25	284	9927	0.9161
20071206	35.68	35.68	35.13	35.2	231	8186	-0.1418
20071207	35.64	35.64	35.22	35.23	133	4704	0.0852
20071210	35.3	35.3	34.51	34.51	151	5269	-2.0437
20071211	34.8	34.8	34.45	34.75	235	8138	0.6955
20071212	34.1	34.31	34.06	34.19	242	8275	-1.6115
20071213	34	34.21	33	33.1	440	14847	-3.1881
20071214	33.1	33.35	31.85	32.79	544	17720	-0.9366
20071217	32.68	32.68	31.11	31.15	526	16660	-5.0015
20071218	30.7	31.15	30.2	30.75	833	25405	-1.2841
20071219	30.75	31.42	30.75	31.4	390	12149	2.1138
20071220	31.7	31.7	30.56	30.56	220	6832	-2.6752
20071221	30.6	31.15	30	30.7	344	10583	0.4581
20071224	31.35	31.35	31.05	31.18	432	13449	1.5635
20071225	31.28	31.57	31.2	31.5	263	8244	1.0263
20071226	31.5	31.8	31.3	31.8	383	12092	0.9524
20071227	31.8	32.37	31.8	32.05	779	24915	0.7862
20071228	32	32.45	31.8	32.39	402	12919	1.0608
20071231	32.45	33.4	32.45	33.4	827	27233	3.1182
20080102	33.4	33.54	33	33	323	10773	-1.1976
20080103	32.7	32.7	32.1	32.43	215	6953	-1.7273
20080104	32.4	32.6	32.06	32.5	136	4403	0.2158
20080107	32	32	31	31	290	9142	-4.6154
20080108	31.25	31.58	31.15	31.22	151	4729	0.7097
20080109	31	32	30.8	31.75	176	5541	1.6976
20080110	32	32.25	31.8	31.8	112	3599	0.1575
20080111	31.86	31.95	31.7	31.7	167	5321	-0.3145
20080114	32.75	32.8	31.85	32.4	311	10035	2.2082
20080115	33	33.65	32.7	33.5	621	20676	3.3951
20080116	32.45	32.9	31.9	32.47	330	10700	-3.0746
20080117	32.39	32.47	31.4	31.8	298	9483	-2.0634
20080118	31.3	32.1	30.9	32.1	178	5579	0.9434
20080121	32.1	32.41	32.01	32.13	175	5636	0.0935
20080122	31.2	31.2	29.89	29.89	491	14843	-6.9717
20080123	30.3	30.4	28.7	29	525	15491	-2.9776
20080124	30.4	30.4	28.5	29.2	470	13662	0.6897
20080125	29.8	29.97	29.4	29.97	223	6607	2.637
20080128	29.7	29.7	29	29.05	152	4449	-3.0697
20080129	29.1	29.2	28.71	28.91	157	4539	-0.4819
20080130	28.91	29.19	28.75	29.13	158	4590	0.761
20080131	29.85	29.85	28.5	28.85	152	4394	-0.9612
20080201	29.5	29.5	29.2	29.5	173	5081	2.253
20080212	29.2	29.46	29.15	29.15	350	10237	-1.1864
20080213	29.46	29.46	29	29.33	240	7024	0.6175
20080214	29.62	30.41	29.52	30.2	587	17489	2.9662
20080215	29.95	30.28	29.7	30.19	248	7441	-0.0331
20080218	30.69	30.79	30.28	30.35	291	8905	0.53
20080219	30.48	30.99	30.48	30.86	325	10008	1.6804
20080220	30.95	31.07	30.45	30.55	129	3973	-1.0045
20080221	30.65	31.1	30.65	31.09	210	6478	1.7676
20080222	31	31.18	30.79	31.13	117	3623	0.1287
20080225	31.6	31.85	29.05	31.8	1065	33429	2.1523
20080226	32	32.23	31.85	31.9	777	24927	0.3145
20080227	32.45	32.5	32.1	32.43	617	19956	1.6614
20080229	32.3	33.2	32.3	33.05	519	17064	1.9118
20080303	32.8	32.8	31.6	32.26	887	28402	-2.3903
20080304	32.26	33.35	32.26	33.35	1172	38834	3.3788
20080305	33.5	33.8	33.4	33.45	1670	56132	0.2999
20080306	33.6	34.06	33.6	34.06	830	28180	1.8236
20080307	33.25	33.98	33.25	33.65	222	7494	-1.2038
20080310	33.43	33.45	32.5	32.8	352	11583	-2.526
20080311	32.6	33	32.3	32.97	107	3504	0.5183
20080312	34	34.1	33.21	33.3	227	7626	1.0009
20080313	33.3	33.35	32.29	32.29	225	7363	-3.033
20080314	32.5	32.59	32	32.05	116	3746	-0.7433
20080317	31.1	31.65	31	31.21	338	10545	-2.6209
20080318	31.24	31.65	31.06	31.5	113	3540	0.9292
20080319	32.4	32.4	32	32.2	212	6814	2.2222
20080320	32.2	32.55	31.81	32.55	144	4624	1.087
20080321	33	33.2	32.6	33.2	380	12515	1.9969
20080324	35	35.52	34	34.3	1317	45650	3.3133
20080325	34.5	34.5	33.9	34.2	375	12811	-0.2915
20080326	34.2	34.48	33.99	33.99	222	7604	-0.614
20080327	33.9	33.9	33.41	33.76	251	8464	-0.6767
20080328	33.75	34.1	33.7	34	229	7765	0.7109
20080331	34	34	33.53	33.7	159	5377	-0.8824
20080401	33.9	33.9	33.31	33.35	270	9098	-1.0386
20080402	34	34	33.51	33.8	110	3726	1.3493
20080403	33.8	33.8	33.5	33.5	250	8397	-0.8876
20080407	33.65	34.2	33.65	34.2	458	15503	2.0896
20080408	34.35	34.35	34.01	34.05	270	9235	-0.4386
20080409	34.1	34.45	34.05	34.23	1195	40959	0.5286
20080410	34.35	34.97	34.35	34.97	996	34480	2.1618
20080411	34.97	35.5	34.97	35.39	339	11955	1.201
20080414	35.2	35.3	35	35.25	261	9164	-0.3956
20080415	35.05	35.45	35.05	35.3	194	6854	0.1418
20080416	35.51	35.81	35.42	35.81	648	23056	1.4448
20080417	36	36.33	35.85	35.99	382	13796	0.5027
20080418	36.28	36.28	35.52	35.75	313	11237	-0.6669
20080421	35.8	36.1	35.75	35.95	272	9765	0.5594
20080422	35.95	35.95	35.23	35.55	229	8157	-1.1127
20080423	35.56	36.17	35.24	35.99	251	9018	1.2377
20080424	36	36.1	35.85	36	186	6708	0.0278
20080425	36	36.23	35.9	35.99	483	17413	-0.0278
20080428	35.9	36.09	35.65	36.04	284	10192	0.1389
20080429	36	36.04	35.4	35.5	181	6469	-1.4983
20080430	35.4	35.6	35.4	35.5	149	5289	0
20080502	35.8	36	35.5	36	144	5158	1.4085
20080505	36.35	36.35	35.6	36	158	5665	0
20080506	35.8	35.8	35	35.5	171	6039	-1.3889
20080507	35.39	35.85	35.32	35.85	138	4916	0.9859
20080508	35.5	36	35.38	36	138	4940	0.4184
20080509	35.61	35.98	35.61	35.85	80	2862	-0.4167
20080512	35.4	35.5	35.2	35.38	135	4773	-1.311
20080513	35.38	35.95	35.38	35.95	219	7825	1.6111
20080514	35.8	35.95	35.7	35.72	226	8089	-0.6398
20080515	35.73	36.44	35.73	36.44	424	15329	2.0157
20080516	36.6	36.95	36.6	36.91	339	12502	1.2898
20080519	37.1	37.1	36.8	36.91	157	5802	0
20080520	36.93	36.93	36	36.29	193	7025	-1.6798
20080521	36.2	36.2	35.7	36.1	103	3697	-0.5236
20080522	35.86	36	35.5	36	92	3281	-0.277
20080523	36	36	35.3	35.3	127	4510	-1.9444
20080526	35	35	34.42	34.42	191	6619	-2.4929
20080527	34.45	34.7	34.42	34.42	107	3690	0
20080528	34.51	34.6	34.4	34.43	97	3342	0.0291
20080529	34.52	34.6	34.01	34.35	74	2541	-0.2324
20080530	34.5	34.5	33.21	33.51	494	16540	-2.4454
20080602	34	34	33.53	33.9	82	2770	1.1638
20080603	33.98	33.98	33.38	33.52	95	3182	-1.1209
20080604	33.5	33.61	33.31	33.43	93	3114	-0.2685
20080605	33.5	33.97	33.2	33.84	92	3081	1.2264
20080606	34.38	34.38	34	34.1	228	7790	0.7683
20080609	33.6	33.65	33.35	33.5	93	3117	-1.7595
20080610	33.4	33.5	32.7	32.7	119	3933	-2.3881
20080611	32.7	32.98	31.77	32.23	241	7770	-1.4373
20080612	31.7	31.99	30.5	30.5	321	10006	-5.3677
20080613	30.99	31.13	30.7	31	105	3249	1.6393
20080616	31.19	31.44	31.01	31.01	148	4627	0.0323
20080617	31.2	31.2	30.54	30.84	253	7790	-0.5482
20080618	30.9	31.3	30.4	31.11	286	8825	0.8755
20080619	31.08	31.08	30.63	30.63	142	4362	-1.5429
20080620	30.63	30.8	30.15	30.63	115	3496	0
20080623	29.7	30	29.62	30	337	10038	-2.0568
20080624	30	30	29.15	29.2	220	6494	-2.6667
20080625	29.28	29.55	28.9	29.55	336	9855	1.1986
20080626	29.8	29.8	29.5	29.54	188	5578	-0.0338
20080627	29	29	27.9	28.25	526	14885	-4.367
20080630	28.45	28.5	27.8	27.89	290	8146	-1.2743
20080701	27.89	28.29	27.35	27.35	471	13011	-1.9362
20080702	27.4	28.14	27.4	27.69	259	7196	1.2431
20080703	27.5	28.49	27.24	28.49	489	13552	2.8891
20080704	28.7	28.7	27.71	27.71	532	15072	-2.7378
20080707	27.4	28.18	27.4	28.17	162	4487	1.6601
20080708	28.2	28.2	27.15	27.33	443	12164	-2.9819
20080709	27.52	27.89	27.4	27.45	174	4804	0.4391
20080710	27.3	27.69	27.05	27.6	112	3061	0.5464
20080711	27.89	28.17	27.6	28.17	349	9701	2.0652
20080714	28.17	28.17	27.81	27.95	238	6661	-0.781
20080715	27.88	27.88	26.5	26.7	522	14064	-4.4723
20080716	26.9	26.9	26.01	26.05	746	19655	-2.4345
20080717	26.37	26.57	26.36	26.48	590	15622	1.6507
20080718	27.05	27.05	25.6	25.8	477	12603	-2.568
20080721	26.5	26.75	26.26	26.75	428	11357	3.6822
20080722	26.65	26.8	26.45	26.63	234	6229	-0.4486
20080723	27	27.99	27	27.99	686	18864	5.107
20080724	28.19	28.33	27.77	28.2	517	14528	0.7503
20080725	27.6	27.8	27.5	27.75	309	8543	-1.5957
20080729	27.2	27.2	26.8	27	404	10903	-2.7027
20080730	27.5	27.63	27.29	27.31	208	5704	1.1481
20080731	27.46	27.6	26.8	27	229	6228	-1.1351
20080801	26.89	26.89	26.46	26.7	153	4060	-1.1111
20080804	26.69	26.97	26.63	26.65	115	3080	-0.1873
20080805	26.66	26.66	25.7	25.72	408	10609	-3.4897
20080806	25.8	26.58	25.8	26.5	461	12056	3.0327
20080807	26.8	26.8	26.49	26.7	681	18176	0.7547
20080808	26.3	27.45	26.3	27.25	354	9538	2.0599
20080811	27.55	27.93	27.55	27.92	408	11350	2.4587
20080812	27.95	27.95	27.61	27.68	143	3964	-0.8596
20080813	27.68	27.8	27.4	27.7	313	8648	0.0723
20080814	27.6	28.1	27.6	28.1	500	13937	1.444
20080815	28.2	28.2	27.58	27.6	222	6197	-1.7794
20080818	27.5	27.59	26.69	26.73	261	7031	-3.1522
20080819	26.2	26.66	26.15	26.6	125	3308	-0.4863
20080820	26.21	26.8	26.21	26.77	158	4187	0.6391
20080821	26.77	26.82	26.49	26.49	79	2110	-1.0459
20080822	26.5	26.5	25.9	26.25	137	3580	-0.906
20080825	26.5	26.6	26.3	26.57	94	2486	1.219
20080826	26.2	26.42	26.1	26.42	70	1863	-0.5645
20080827	26.42	26.85	26.35	26.85	157	4198	1.6276
20080828	26.95	27.25	26.85	26.92	281	7593	0.2607
20080829	27.25	27.25	26.9	27	170	4594	0.2972
20080901	26.84	26.84	26	26	224	5884	-3.7037
20080902	25.8	26.05	25.68	25.83	373	9644	-0.6538
20080903	25.8	25.8	24.9	24.9	579	14624	-3.6005
20080904	24.9	25.06	24	24	721	17626	-3.6145
20080905	23.2	23.67	23.2	23.6	403	9503	-1.6667
20080908	24.49	25.25	24.31	25.25	2301	56754	6.9915
20080909	25	25	23.9	24	261	6306	-4.9505
20080910	24	24.27	24	24.2	139	3355	0.8333
20080911	24.6	24.6	23.36	23.4	330	7851	-3.3058
20080912	23.55	23.7	22.75	23.6	267	6210	0.8547
20080915	23.5	23.5	22	22.02	465	10432	-6.6949
20080916	21.3	21.49	20.7	20.84	738	15460	-5.3588
20080917	21	21.87	20.53	20.66	340	7161	-0.8637
20080918	19.7	19.9	19.22	19.22	2194	42436	-6.97
20080919	20.3	20.56	20	20.56	1374	28105	6.9719
20080922	21.98	21.98	21.5	21.86	1165	25418	6.323
20080923	21	22.28	20.95	22.28	880	18827	1.9213
20080924	21.71	22.8	21.71	22.67	860	19239	1.7504
20080925	21.61	22.43	21.61	22.19	625	13808	-2.1173
20080926	22.39	22.39	20.85	20.94	834	17832	-5.6332
20080930	19.48	19.88	19.48	19.82	886	17312	-5.3486
20081001	20.5	20.6	20	20.6	317	6441	3.9354
20081002	20.5	20.8	20.01	20.32	296	6047	-1.3592
20081003	20.12	21	19.5	21	310	6189	3.3465
20081006	20	20.17	19.6	19.6	366	7269	-6.6667
20081007	19.1	19.7	19	19.51	312	6059	-0.4592
20081008	19	19.29	18.32	18.5	513	9623	-5.1768
20081009	18.5	18.73	18	18	460	8420	-2.7027
20081013	17.75	17.8	17.37	17.57	721	12572	-2.3889
20081014	18.79	18.79	18.59	18.79	710	13329	6.9437
20081015	18.6	18.73	18.15	18.73	648	11894	-0.3193
20081016	18.08	18.08	18.08	18.08	192	3481	-3.4704
20081017	18	18	17.45	17.5	439	7714	-3.208
20081020	17.2	17.66	17	17.66	347	5990	0.9143
20081021	18.1	18.3	17.71	17.75	492	8852	0.5096
20081022	17.6	17.9	17.14	17.14	441	7703	-3.4366
20081023	16.55	16.85	16.55	16.7	244	4049	-2.5671
20081024	16.2	16.2	16.12	16.12	428	6903	-3.4731
20081027	15	15.4	15	15	749	11269	-6.9479
20081028	14.05	15.99	14	15.99	770	11180	6.6
20081029	17.1	17.1	15.6	15.6	1024	16854	-2.439
20081030	16	16.69	15.65	16.69	609	9947	6.9872
20081031	16.91	17.75	16.65	17.75	1102	18890	6.3511
20081103	17.75	17.75	17.03	17.55	543	9500	-1.1268
20081104	17.54	17.55	17.03	17.54	377	6513	-0.057
20081105	17.99	17.99	17.3	17.7	494	8767	0.9122
20081106	16.8	17.19	16.47	17.19	451	7513	-2.8814
20081107	16.47	17.19	16.25	17	331	5511	-1.1053
20081110	17	17	16.5	16.63	263	4393	-2.1765
20081111	16.5	16.5	16	16	306	4958	-3.7883
20081112	16	16	15.61	15.67	240	3821	-2.0625
20081113	15	15.1	14.83	14.85	326	4891	-5.2329
20081114	15.5	15.5	15	15.05	348	5294	1.3468
20081117	15	15	14.6	14.85	118	1757	-1.3289
20081118	14.61	14.61	14.01	14.01	970	13785	-5.6566
20081119	14.01	14.29	13.88	14.05	269	3778	0.2855
20081120	13.5	13.6	13.25	13.4	484	6514	-4.6263
20081121	12.8	14	12.8	13.93	327	4326	3.9552
20081124	14	14	13.7	13.77	254	3513	-1.1486
20081125	14.34	14.34	14.03	14.22	264	3745	3.268
20081126	14.42	14.42	14	14.22	190	2717	0
20081127	14.5	15.2	14.5	15.2	479	7153	6.8917
20081128	15.6	15.6	15	15	239	3629	-1.3158
20081201	15	15.3	14.91	15	827	12511	0
20081202	14.2	14.6	14.2	14.56	374	5410	-2.9333
20081203	14.65	14.84	14.45	14.45	148	2170	-0.7555
20081204	14.62	14.7	14.2	14.25	138	1988	-1.3841
20081205	14	14.35	14	14.1	233	3307	-1.0526
20081208	14.36	15.08	14.36	15.01	519	7702	6.4539
20081209	15.4	15.4	15.01	15.05	401	6084	0.2665
20081210	15.05	16.02	15.05	16.02	591	9210	6.4452
20081211	16.09	16.2	15.78	15.86	254	4046	-0.9988
20081212	15.45	16	15	15.11	473	7340	-4.7289
20081215	16	16.15	15.55	16.08	392	6243	6.4196
20081216	15.99	15.99	15.7	15.9	104	1643	-1.1194
20081217	16.34	16.4	15.89	15.96	292	4715	0.3774
20081218	15.79	16.03	15.79	16	201	3203	0.2506
20081219	15.85	16.45	15.85	16.45	434	6987	2.8125
20081222	16.4	16.4	15.74	15.74	141	2260	-4.3161
20081223	15.65	15.65	15.1	15.23	156	2377	-3.2402
20081224	15.23	15.24	14.97	15.19	240	3630	-0.2626
20081225	15.19	15.29	15.12	15.29	41	622	0.6583
20081226	15.29	15.37	15.12	15.2	95	1449	-0.5886
20081229	15.23	15.23	15.11	15.18	103	1560	-0.1316
20081230	15.29	15.89	15.29	15.71	164	2581	3.4914
20081231	16	16	15.71	15.88	177	2802	1.0821
20090105	16.45	16.45	16.2	16.27	215	3511	2.4559
20090106	16.22	16.4	16.1	16.32	183	2970	0.3073
20090107	16.41	16.7	16.41	16.6	201	3334	1.7157
20090108	16.2	16.2	15.65	15.76	152	2427	-5.0602
20090109	15.35	15.84	15.35	15.51	201	3148	-1.5863
20090110	15.35	15.59	15.3	15.48	118	1821	-0.1934
20090112	15.48	15.65	15.45	15.6	142	2206	0.7752
20090113	15.45	15.76	15.33	15.76	71	1105	1.0256
20090114	15.21	15.96	15.21	15.75	75	1175	-0.0635
20090115	15.3	15.3	15.1	15.1	142	2150	-4.127
20090116	15.01	15.3	15.01	15.2	81	1229	0.6623
20090117	15.2	15.29	15.15	15.29	34	517	0.5921
20090119	15.4	15.4	15.3	15.35	108	1659	0.3924
20090120	15.26	15.26	14.9	14.92	348	5222	-2.8013
20090121	14.73	14.97	14.51	14.9	319	4731	-0.134
20090202	14.9	15.07	14.8	14.8	170	2529	-0.6711
20090203	14.94	15.4	14.94	15.35	1322	19975	3.7162
20090204	15.76	15.76	15.4	15.4	88	1364	0.3257
20090205	15.4	15.56	15.34	15.41	63	974	0.0649
20090206	15.41	15.74	15.41	15.64	113	1766	1.4925
20090209	15.7	15.95	15.66	15.66	152	2410	0.1279
20090210	15.67	15.81	15.63	15.8	228	3589	0.894
20090211	15.3	16	15.3	16	95	1502	1.2658
20090212	16	16	15.5	15.7	294	4646	-1.875
20090213	15.5	16	15.5	16	167	2648	1.9108
20090216	15.99	16.05	15.5	16.04	124	1961	0.25
20090217	15.88	16	15.7	15.7	64	1008	-2.1197
20090218	15.5	15.7	15.31	15.59	128	1989	-0.7006
20090219	15.5	15.78	15.42	15.73	191	2985	0.898
20090220	15.58	15.78	15.5	15.55	204	3189	-1.1443
20090223	15.3	15.7	15.3	15.63	100	1553	0.5145
20090224	15.35	15.68	15.35	15.63	285	4447	0
20090225	15.72	15.95	15.72	15.86	235	3733	1.4715
20090226	15.91	16.1	15.91	16.1	551	8850	1.5132
20090227	16.1	16.3	16.1	16.28	207	3357	1.118
20090302	16.15	16.15	15.65	15.7	82	1309	-3.5627
20090303	15.3	15.7	15.3	15.7	143	2206	0
20090304	15.59	16.19	15.59	16.1	82	1305	2.5478
20090305	17.22	17.22	16.45	16.7	343	5770	3.7267
20090306	16.64	16.64	16.34	16.36	121	1992	-2.0359
20090309	16.35	16.42	16.2	16.4	167	2717	0.2445
20090310	16.07	16.63	16.07	16.59	273	4520	1.1585
20090311	17	17	16.68	16.72	352	5904	0.7836
20090312	16.8	16.89	16.62	16.85	167	2801	0.7775
20090313	16.91	17.32	16.75	16.81	513	8735	-0.2374
20090316	16.9	17.3	16.9	17.1	441	7561	1.7252
20090317	17.2	17.42	16.9	17.35	419	7202	1.462
20090318	17.52	17.7	17.35	17.51	507	8892	0.9222
20090319	17.4	17.78	17.4	17.7	254	4482	1.0851
20090320	17.5	17.66	17.26	17.26	193	3369	-2.4859
20090323	17.28	17.99	17.28	17.99	387	6873	4.2294
20090324	18.5	18.7	18.45	18.6	466	8645	3.3908
20090325	18.6	19	18.45	18.95	329	6173	1.8817
20090326	19.1	19.35	19	19.35	2855	54900	2.1108
20090327	19.4	19.7	19.3	19.5	633	12323	0.7752
20090330	19.3	19.3	18.74	19	473	8976	-2.5641
20090331	18.51	18.98	18.51	18.7	357	6695	-1.5789
20090401	18.6	19.32	18.6	19.32	468	8950	3.3155
20090402	19.47	19.96	19.47	19.96	464	9168	3.3126
20090403	20.08	20.37	19.96	20.37	523	10544	2.0541
20090406	20.37	20.45	20.05	20.25	311	6318	-0.5891
20090407	20	20.49	19.92	20.46	389	7879	1.037
20090408	19.8	20.54	19.8	20.25	509	10327	-1.0264
20090409	20.2	21.49	20.2	21.49	461	9638	6.1235
20090410	21.8	21.9	20.87	21.5	2741	57743	0.0465
20090413	21.5	21.63	21.21	21.62	287	6170	0.5581
20090414	21.5	21.8	21.31	21.58	272	5891	-0.185
20090415	21.45	21.88	21.45	21.65	1301	28249	0.3244
20090416	22.17	22.2	21.91	22.1	1575	34762	2.0785
20090417	22.2	22.42	20.56	20.7	762	16364	-6.3348
20090420	20.6	21	20.08	20.88	776	15977	0.8696
20090421	20.3	21.52	20.3	21.52	420	8782	3.0651
20090422	21.52	21.98	21.52	21.98	428	9296	2.1375
20090423	21.8	22.04	21.44	22.04	330	7223	0.273
20090424	21.95	22.35	21.71	21.87	328	7238	-0.7713
20090427	21.5	22.24	21	21.2	473	10201	-3.0636
20090428	20.91	21.39	20.5	20.5	381	7890	-3.3019
20090429	20.25	20.79	20.2	20.79	454	9241	1.4146
20090430	21.92	22.24	21.71	22.24	759	16804	6.9745
20090504	23.3	23.79	22.9	23.79	943	22128	6.9694
20090505	24.6	24.6	22.8	23.55	1158	27297	-1.0088
20090506	23.3	23.55	22.95	23.39	719	16839	-0.6794
20090507	23.65	24	23.4	23.84	932	22156	1.9239
20090508	23.75	24.29	23.6	24.29	1072	25707	1.8876
20090511	24.54	24.95	24.29	24.88	628	15488	2.429
20090512	24.1	24.3	23.65	24	603	14486	-3.537
20090513	23.51	24.25	23.51	24.24	354	8546	1
20090514	23.9	24.2	23.8	24.02	398	9550	-0.9076
20090515	24.4	24.88	24.4	24.88	438	10766	3.5803
20090518	24.82	25	24.6	24.98	461	11474	0.4019
20090519	25	25.6	24.9	25.17	448	11320	0.7606
20090520	25.17	25.2	24.7	25.01	550	13765	-0.6357
20090521	24.81	25.38	24.81	25.2	469	11831	0.7597
20090522	24.7	25.9	24.7	25.85	643	16373	2.5794
20090525	25.85	26.3	25.7	25.77	574	14853	-0.3095
20090526	25.79	26.27	25.1	25.39	581	14913	-1.4746
20090527	25.59	26.28	25.25	26.2	595	15329	3.1902
20090601	26.2	26.4	26.01	26.4	285	7488	0.7634
20090602	26.5	26.8	26.01	26.25	381	10079	-0.5682
20090603	26.01	26.12	25.6	25.79	2244	58473	-1.7524
20090604	25.5	25.99	25.3	25.35	237	6051	-1.7061
20090605	25.45	25.77	25.45	25.69	222	5676	1.3412
20090606	25.69	26	25.69	26	138	3564	1.2067
20090608	25.85	26.1	25.05	25.19	320	8163	-3.1154
20090609	25.19	25.19	23.91	24.06	1046	25402	-4.4859
20090610	24.06	24.18	23.71	23.82	308	7365	-0.9975
20090611	23.8	25	23.55	25	479	11545	4.9538
20090612	24.85	24.85	24.4	24.5	240	5912	-2
20090615	24.01	24.05	22.95	23	631	14746	-6.1224
20090616	23	23.14	22.47	22.98	567	12914	-0.087
20090617	22.97	23.3	22.71	22.71	378	8659	-1.1749
20090618	22.89	23.1	22.35	22.58	185	4178	-0.5724
20090619	22.69	23.23	22.6	23.23	207	4754	2.8787
20090622	23.3	23.58	23.01	23.51	175	4109	1.2053
20090623	23.2	23.34	23.02	23.24	277	6432	-1.1484
20090624	23.5	24.3	23.1	23.95	291	6927	3.0551
20090625	24.03	24.2	23.95	24.2	218	5264	1.0438
20090626	24.2	24.4	24.1	24.4	205	4977	0.8264
20090629	24.4	24.45	24	24	126	3036	-1.6393
20090630	24.3	24.4	23.92	23.92	98	2358	-0.3333
20090701	24	24.5	24	24.41	213	5163	2.0485
20090702	24.79	25.21	24.78	25.21	451	11266	3.2773
20090703	25	25.35	24.82	24.95	251	6295	-1.0313
20090706	25.05	25.4	25	25.24	169	4270	1.1623
20090707	25.1	25.8	25.1	25.45	253	6463	0.832
20090708	25.58	25.6	25.3	25.5	176	4478	0.1965
20090709	25.45	25.95	25.45	25.7	310	8012	0.7843
20090710	25.85	26.1	25.85	26.02	1186	30810	1.2451
20090713	26.2	26.2	24.62	24.66	497	12436	-5.2267
20090714	25	25.4	24.85	25.4	138	3470	3.0008
20090715	25.4	25.95	25.4	25.75	174	4493	1.378
20090716	26.3	26.49	25.92	26	353	9242	0.9709
20090717	26.15	26.52	26.12	26.52	279	7359	2
20090720	26.62	26.7	26.29	26.53	248	6584	0.0377
20090721	26.7	26.8	26.43	26.65	313	8330	0.4523
20090722	26.65	27.1	26.65	26.85	386	10404	0.7505
20090723	26.85	27.12	26.7	26.77	336	9070	-0.298
20090724	26.92	27.3	26.92	26.94	150	4070	0.635
20090727	27	27.2	26.8	27.1	168	4539	0.5939
20090728	27.1	27.7	27.1	27.67	267	7347	2.1033
20090729	27.7	27.83	27.5	27.6	196	5440	-0.253
20090730	27	27.33	26.8	27.3	245	6658	-1.087
20090731	27.45	27.55	27.22	27.39	535	14642	0.3297
20090803	27.65	27.65	26.83	27.11	189	5131	-1.0223
20090804	27.2	27.69	26.7	26.79	227	6144	-1.1804
20090805	26.79	26.82	26.04	26.2	246	6497	-2.2023
20090806	26.21	26.3	25.82	26.08	244	6350	-0.458
20090810	25.8	26.6	25.8	26.6	116	3058	1.9939
20090811	26.6	28.46	26.23	26.81	906	24692	0.7895
20090812	26.85	26.95	26.5	26.69	330	8808	-0.4476
20090813	26.88	27.1	26.76	26.76	372	9996	0.2623
20090814	27	27.4	26.9	26.98	1451	39217	0.8221
20090817	26.98	27.01	26.63	26.63	234	6277	-1.2973
20090818	26.21	26.4	25.78	25.97	434	11323	-2.4784
20090819	26.21	26.28	26	26.11	162	4229	0.5391
20090820	26.11	26.11	25.41	25.43	309	7898	-2.6044
20090821	25.51	26.08	24.73	24.91	2056	51356	-2.0448
20090824	25.2	25.8	25.2	25.78	444	11319	3.4926
20090825	25.97	25.97	25.5	25.5	228	5855	-1.0861
20090826	25.51	25.6	25.02	25.16	230	5806	-1.3333
20090827	25.16	25.48	25.03	25.1	208	5230	-0.2385
20090828	25.1	25.4	25.01	25.37	228	5757	1.0757
20090831	25.37	25.5	25.25	25.5	213	5404	0.5124
20090901	25.45	26.38	25.45	26.3	421	10929	3.1373
20090902	26.3	26.55	26.05	26.44	251	6618	0.5323
20090903	26.51	26.93	26.45	26.92	354	9463	1.8154
20090904	27.3	27.3	27	27.08	198	5385	0.5944
20090907	27.3	27.3	27.08	27.2	172	4680	0.4431
20090908	27.2	27.6	27.2	27.4	376	10306	0.7353
20090909	27.4	27.78	27.1	27.1	863	23729	-1.0949
20090910	27.68	27.8	27.09	27.09	960	26162	-0.0369
20090911	27.09	27.4	27.09	27.4	501	13660	1.1443
20090914	27.4	27.4	27	27.1	283	7701	-1.0949
20090915	27.24	27.57	27.11	27.33	305	8343	0.8487
20090916	27.41	27.82	27.41	27.82	218	6055	1.7929
20090917	28	28.18	27.91	28.06	406	11395	0.8627
20090918	28	28.2	27.79	28.2	221	6212	0.4989
20090921	28.2	28.4	28.13	28.4	347	9805	0.7092
20090922	28.4	28.4	28	28.04	291	8244	-1.2676
20090923	28.1	28.2	27.6	27.7	417	11678	-1.2126
20090924	27.31	27.7	27.31	27.6	318	8739	-0.361
20090925	27.4	29.04	27.4	29.04	177	5012	5.2174
20090928	27.89	28	27.5	27.6	223	6174	-4.9587
20090929	27.8	27.95	27.7	27.7	111	3091	0.3623
20090930	27.71	28.2	27.71	28	144	4035	1.083
20091001	28.3	28.3	27.71	28.06	606	17023	0.2143
20091002	27.38	27.94	27.38	27.78	174	4832	-0.9979
20091005	27.7	27.92	27.7	27.9	78	2174	0.432
20091006	28.1	28.3	28	28.23	162	4577	1.1828
20091007	28.35	28.58	28.35	28.5	347	9896	0.9564
20091008	28.6	28.85	28.3	28.3	206	5903	-0.7018
20091009	28.55	28.7	28.4	28.5	104	2971	0.7067
20091012	28.6	28.65	28.54	28.64	115	3293	0.4912
20091013	28.44	28.8	28.25	28.8	256	7305	0.5587
20091014	28.82	29	28.82	28.93	212	6121	0.4514
20091015	29.12	29.3	28.95	29.06	230	6724	0.4494
20091016	29.06	29.19	28.76	28.76	169	4899	-1.0323
20091019	28.7	29.39	28.7	29.39	239	6951	2.1905
20091020	29.5	29.5	29.02	29.02	96	2811	-1.2589
20091021	29.02	29.02	28.8	28.99	107	3096	-0.1034
20091022	28.91	29	28.5	28.5	230	6589	-1.6902
20091023	28.56	28.78	28.56	28.68	104	2993	0.6316
20091026	28.68	29	28.59	28.59	142	4090	-0.3138
20091027	28.58	28.6	28.5	28.6	97	2772	0.035
20091028	28.41	28.63	28.3	28.35	106	3024	-0.8741
20091029	27.73	27.95	27.02	27.4	469	12882	-3.351
20091030	27.4	27.59	27.4	27.54	285	7853	0.5109
20091102	27	27.12	26.85	27.12	271	7327	-1.5251
20091103	27.2	27.3	27.12	27.25	99	2692	0.4794
20091104	27.4	27.65	27.25	27.65	110	3014	1.4679
20091105	27.79	27.82	27.55	27.55	118	3264	-0.3617
20091106	27.82	27.9	27.75	27.88	83	2311	1.1978
20091109	28	28.14	27.9	28.09	88	2466	0.7532
20091110	28.3	28.3	28.16	28.18	100	2829	0.3204
20091111	28.2	28.37	27.94	28.37	189	5358	0.6742
20091112	28.38	28.45	28.21	28.21	91	2580	-0.564
20091113	28.4	28.54	28.3	28.33	522	14854	0.4254
20091116	28.55	28.87	28.54	28.54	357	10224	0.7413
20091117	29.2	29.2	28.65	28.73	469	13546	0.6657
20091118	28.73	28.92	28.7	28.91	301	8677	0.6265
20091119	28.68	29	28.68	28.84	202	5838	-0.2421
20091120	28.9	28.93	28.5	28.6	450	12880	-0.8322
20091123	28.7	28.7	28.5	28.63	854	24408	0.1049
20091124	27	27.09	26.99	27.04	488	13188	0.3842
20091125	27	27.15	27	27.14	117	3180	0.3698
20091126	27.15	27.29	27	27.16	278	7551	0.0737
20091127	27	27	25.6	26.21	544	14353	-3.4978
20091130	26.5	26.63	26.39	26.43	259	6862	0.8394
20091201	26.5	26.7	26.44	26.5	98	2598	0.2649
20091202	26.9	26.9	26.62	26.7	366	9781	0.7547
20091203	26.8	26.8	26.58	26.61	91	2449	-0.3371
20091204	26.61	26.75	26.6	26.72	146	3899	0.4134
20091207	27	27.1	26.81	27.09	245	6618	1.3847
20091208	27.1	27.1	27	27.06	169	4581	-0.1107
20091209	27	27.2	26.95	27.19	165	4474	0.4804
20091210	27.2	27.22	26.68	26.87	780	21191	-1.1769
20091211	27	27.2	26.98	27.14	178	4827	1.0048
20091214	27.1	27.43	27.1	27.3	208	5693	0.5895
20091215	27.3	27.9	27.3	27.8	1059	29271	1.8315
20091216	27.8	27.8	27.32	27.75	739	20364	-0.1799
20091217	27.75	27.9	27.33	27.59	1200	33122	-0.5766
20091218	27.52	27.52	27.11	27.25	161	4401	-1.2323
20091221	27.26	27.4	27.2	27.25	92	2511	0
20091222	27.26	27.59	27.26	27.57	110	3024	1.1743
20091223	27.57	27.78	27.57	27.75	774	21444	0.6529
20091224	27.75	28.1	27.75	28	640	17886	0.9009
20091225	28	28.15	27.9	28	256	7174	0
20091228	28.15	28.3	28.03	28.3	156	4423	1.0714
20091229	28.3	28.5	28.3	28.5	171	4868	0.7067
20091230	28.5	28.6	28.41	28.6	171	4879	0.3509
20091231	28.6	29	28.6	29	298	8598	1.3986
20100104	29	29.29	28.8	29.2	382	11095	0.6897
20100105	29.32	29.38	28.76	28.89	308	8947	-1.0616
20100106	28.89	29.11	28.8	29.1	728	21103	0.7269
20100107	29.1	29.28	28.8	28.92	1254	36463	-0.6186
20100108	29	29.2	28.77	28.92	1178	34047	0
20100111	28.92	29.36	28.83	29.25	1214	35522	1.1411
20100112	28.91	29.4	28.91	29.4	894	26263	0.5128
20100113	28.71	29.15	28.71	29.08	980	28480	-1.0884
20100114	28.87	29.1	28.87	28.9	120	3481	-0.619
20100115	28.92	29.3	28.92	29.29	240	7018	1.3495
20100118	28.92	29.35	28.92	29.3	193	5639	0.0341
20100119	29.3	29.36	28.66	29.3	217	6311	0
20100120	29.3	29.3	28.7	29	205	5926	-1.0239
20100121	28.75	28.8	28.5	28.58	392	11233	-1.4483
20100122	28.02	28.02	27.66	27.89	330	9199	-2.4143
20100125	27.16	27.87	27.16	27.54	216	5952	-1.2549
20100126	27.72	27.74	26.75	26.81	473	12802	-2.6507
20100127	26.81	26.98	26.4	26.5	460	12243	-1.1563
20100128	26.5	27.19	26.3	26.53	946	25124	0.1132
20100129	26.55	26.77	26.14	26.77	197	5236	0.9046
20100201	26.77	26.77	26.1	26.29	160	4226	-1.7931
20100202	26.5	26.65	25.7	25.7	344	8965	-2.2442
20100203	26	26.08	25.8	26.08	222	5779	1.4786
20100204	26.1	26.2	26.05	26.15	134	3506	0.2684
20100205	25.99	25.99	24.7	24.9	758	19086	-4.7801
20100206	24.9	25.08	24.13	24.78	1282	31481	-0.4819
20100208	24.9	25.03	24.43	24.8	611	15078	0.0807
20100209	24.8	25.4	24.6	25.3	205	5161	2.0161
20100210	25.6	25.85	25.59	25.85	210	5406	2.1739
20100222	26.2	26.5	25.9	26.5	208	5446	2.5145
20100223	26.3	26.3	26	26.2	105	2750	-1.1321
20100224	26.2	26.22	26	26.22	59	1540	0.0763
20100225	26.4	26.4	25.91	26	167	4349	-0.8391
20100226	25.7	26.2	25.63	25.94	177	4588	-0.2308
20100301	25.94	26.4	25.94	26.3	94	2464	1.3878
20100302	26.5	26.5	26.15	26.15	95	2496	-0.5703
20100303	26.2	26.4	26.14	26.3	568	14897	0.5736
20100304	26.3	26.39	25.84	26	212	5534	-1.1407
20100305	26.3	26.4	26.2	26.36	252	6644	1.3846
20100308	26.46	26.67	26.46	26.5	725	19285	0.5311
20100309	26.6	26.79	26.5	26.79	213	5692	1.0943
20100310	26.78	26.79	26.65	26.65	80	2150	-0.5226
20100311	26.8	26.89	26.54	26.54	123	3290	-0.4128
20100312	26.61	26.73	26.6	26.65	114	3039	0.4145
20100315	26.67	26.79	26.4	26.4	79	2108	-0.9381
20100316	26.4	26.45	26.39	26.39	98	2591	-0.0379
20100317	26.46	26.88	26.46	26.81	145	3888	1.5915
20100318	26.81	27.2	26.81	27.16	844	22864	1.3055
20100319	27.1	27.21	27.09	27.21	149	4055	0.1841
20100322	27.21	27.21	26.84	26.95	130	3518	-0.9555
20100323	27.02	27.22	26.96	26.96	169	4584	0.0371
20100324	27.05	27.8	27.05	27.8	1114	30812	3.1157
20100325	27.34	27.5	27.06	27.5	187	5105	-1.0791
20100326	27.39	27.6	27.22	27.37	127	3489	-0.4727
20100329	27.45	27.85	27.45	27.85	225	6247	1.7537
20100330	27.9	27.98	27.76	27.76	170	4739	-0.3232
20100331	27.75	28	27.75	27.8	211	5879	0.1441
20100401	27.81	28.37	27.81	28.35	377	10637	1.9784
20100402	28.35	28.4	28.2	28.3	152	4329	-0.1764
20100406	28.4	28.69	28.4	28.55	318	9093	0.8834
20100407	28.55	28.8	28.55	28.67	217	6239	0.4203
20100408	28.65	28.77	28.4	28.4	204	5822	-0.9418
20100409	28.23	28.47	28.23	28.4	135	3833	0
20100412	28.45	28.68	28.45	28.6	142	4055	0.7042
20100413	28.6	28.6	28.15	28.2	209	5921	-1.3986
20100414	28.22	28.49	28.22	28.49	121	3429	1.0284
20100415	28.56	28.76	28.56	28.68	243	6972	0.6669
20100416	28.7	28.75	28.5	28.65	940	26890	-0.1046
20100419	28.4	28.44	27.5	27.5	346	9684	-4.014
20100420	27.6	27.9	27.55	27.75	134	3721	0.9091
20100421	27.85	28.19	27.85	28.12	145	4073	1.3333
20100422	28.12	28.12	27.73	27.91	81	2277	-0.7468
20100423	27.96	28.29	27.96	28.22	174	4908	1.1107
20100426	28.32	28.75	28.32	28.63	252	7214	1.4529
20100427	28.58	28.76	28.58	28.59	540	15499	-0.1397
20100428	28.23	28.46	27.86	28.46	423	11946	-0.4547
20100429	28.49	28.58	28.39	28.48	180	5126	0.0703
20100430	28.56	28.85	28.21	28.26	210	6008	-0.7725
20100503	28.2	28.2	27.63	27.89	201	5620	-1.3093
20100504	27.6	27.99	27.51	27.74	1291	35780	-0.5378
20100505	27.43	27.43	26.74	26.77	1091	29407	-3.4968
20100506	26.8	26.8	26.3	26.39	345	9175	-1.4195
20100507	26	26.33	25.52	26.3	514	13335	-0.341
20100510	26.4	26.78	26.31	26.63	400	10595	1.2548
20100511	26.97	27.02	26.55	26.6	345	9258	-0.1127
20100512	26.7	26.94	26.59	26.6	165	4426	0
20100513	26.9	27.09	26.74	26.98	169	4558	1.4286
20100514	26.98	27.15	26.95	27.15	96	2598	0.6301
20100517	26.81	26.81	26.47	26.55	145	3872	-2.2099
20100518	26.6	26.68	26.4	26.5	90	2391	-0.1883
20100519	26.34	26.51	26.2	26.51	77	2046	0.0377
20100520	26.52	26.52	26.23	26.29	75	1979	-0.8299
20100521	25.89	25.89	24.8	25.16	992	24848	-4.2982
20100524	25.3	25.48	25.2	25.23	230	5826	0.2782
20100525	25.25	25.25	24.43	24.43	650	16026	-3.1708
20100526	24.6	24.9	24.46	24.9	219	5402	1.9239
20100527	24.9	25.32	24.74	25.32	185	4639	1.6867
20100528	25.8	25.84	25.6	25.68	381	9817	1.4218
20100531	25.75	25.95	25.72	25.84	116	3016	0.6231
20100601	25.95	25.96	25.62	25.76	94	2429	-0.3096
20100602	25.7	25.9	25.45	25.66	80	2058	-0.3882
20100603	25.81	26.05	25.81	25.93	153	3976	1.0522
20100604	26.02	26.05	25.93	25.93	54	1404	0
20100607	25.7	25.7	25.05	25.3	138	3485	-2.4296
20100608	25.3	25.5	25.3	25.43	88	2244	0.5138
20100609	25.5	25.54	25.08	25.19	148	3758	-0.9438
20100610	25.19	25.4	25.1	25.17	124	3125	-0.0794
20100611	25.5	25.82	25.5	25.82	321	8256	2.5824
20100614	25.83	26.11	25.83	26.08	112	2941	1.007
20100615	26.1	26.3	26.03	26.28	145	3808	0.7669
20100617	26.5	26.54	26.39	26.48	153	4054	0.761
20100618	26.48	26.5	26.3	26.39	169	4468	-0.3399
20100621	26.69	27.13	26.69	27.13	271	7303	2.8041
20100622	27.1	27.13	26.9	27.1	103	2789	-0.1106
20100623	26.9	27.1	26.8	27.05	153	4130	-0.1845
20100624	27.05	27.14	27	27.11	99	2680	0.2218
20100625	26.61	26.74	26.54	26.64	163	4340	-1.7337
20100628	26.64	26.77	26.64	26.73	76	2028	0.3378
20100629	26.82	27	26.53	26.62	153	4104	-0.4115
20100630	25.9	26.15	25.9	26.15	177	4622	-1.7656
20100701	26.06	26.14	26	26.14	47	1225	-0.0382
20100702	26.16	26.35	26.14	26.2	99	2593	0.2295
20100705	26.23	26.47	26.2	26.46	76	1999	0.9924
20100706	26.46	27.07	26.4	26.98	181	4867	1.9652
20100707	27.2	27.25	27	27.11	115	3126	0.4818
20100708	27.26	27.42	27.15	27.36	392	10728	0.9222
20100709	27.4	27.46	27.36	27.44	125	3433	0.2924
20100712	27.44	27.6	27.26	27.48	149	4102	0.1458
20100713	27.48	27.55	27.32	27.53	208	5711	0.182
20100714	27.7	27.84	27.7	27.84	217	6030	1.126
20100715	27.7	27.95	27.7	27.95	246	6853	0.3951
20100716	27.8	27.83	27.52	27.54	100	2785	-1.4669
20100719	27.39	27.6	27.37	27.53	227	6248	-0.0363
20100720	28	28	27.56	27.92	243	6761	1.4166
20100721	27.96	28.06	27.92	27.93	248	6939	0.0358
20100722	27.81	28	27.81	27.97	58	1622	0.1432
20100723	28.04	28.32	27.95	28.25	274	7749	1.0011
20100726	28.4	28.44	28.3	28.36	132	3744	0.3894
20100727	28.4	28.44	28.04	28.04	182	5150	-1.1283
20100728	28.05	28.36	28.05	28.36	136	3839	1.1412
20100729	28.33	28.37	28.24	28.35	42	1189	-0.0353
20100730	28.11	28.29	28.11	28.21	114	3223	-0.4938
20100802	28.31	28.95	28.31	28.92	400	11483	2.5168
20100803	29	29.25	29	29.18	264	7692	0.899
20100804	29.15	29.35	29.11	29.35	268	7854	0.5826
20100805	29.35	29.5	29.18	29.25	326	9606	-0.3407
20100806	29.2	29.5	29.2	29.43	260	7647	0.6154
20100809	29.43	29.69	29.43	29.69	151	4477	0.8835
20100810	29.7	29.72	29.44	29.64	228	6761	-0.1684
20100811	28.9	29.43	28.9	29.16	237	6933	-1.6194
20100812	28.9	29.1	28.87	29.03	118	3420	-0.4458
20100813	29.06	29.6	29.06	29.58	167	4912	1.8946
20100816	29.49	29.8	29.31	29.75	259	7688	0.5747
20100817	29.75	30.14	29.75	29.76	159	4762	0.0336
20100818	29.76	29.86	29.54	29.63	101	3002	-0.4368
20100819	29.61	29.77	29.51	29.67	98	2911	0.135
20100820	29.6	29.7	29.38	29.49	171	5060	-0.6067
20100823	29.52	30.06	29.52	29.82	128	3842	1.119
20100824	29.8	29.94	29.72	29.75	96	2863	-0.2347
20100825	29.6	29.6	28.81	28.82	102	2961	-3.1261
20100826	28.87	28.95	28.4	28.57	133	3818	-0.8675
20100827	28.55	28.6	28.41	28.59	77	2199	0.07
20100830	28.71	28.9	28.7	28.78	67	1928	0.6646
20100831	28.48	28.58	28.05	28.06	122	3445	-2.5017
20100901	28.15	28.71	28.15	28.71	77	2193	2.3165
20100902	29.39	29.39	28.85	28.85	126	3661	0.4876
20100903	29.09	29.09	28.91	29.02	79	2317	0.5893
20100906	29.1	29.68	29.1	29.56	255	7519	1.8608
20100907	29.56	29.65	29.47	29.47	128	3792	-0.3045
20100908	29.35	29.47	29.16	29.21	44	1287	-0.8823
20100909	29.31	29.45	29.14	29.14	84	2460	-0.2396
20100910	29.34	29.42	29.27	29.34	69	2031	0.6863
20100913	29.5	29.95	29.49	29.94	232	6925	2.045
20100914	30.1	30.15	30	30.15	349	10507	0.7014
20100915	30.15	30.3	30.1	30.3	319	9626	0.4975
20100916	30.38	30.38	30.05	30.05	173	5228	-0.8251
20100917	30.06	30.49	30.06	30.31	334	10110	0.8652
20100920	30.5	30.5	30.37	30.5	322	9820	0.6269
20100921	30.6	30.7	30.47	30.5	149	4555	0
20100923	30.33	30.57	30.33	30.47	127	3875	-0.0984
20100924	30.4	30.44	30.22	30.37	138	4196	-0.3282
20100927	30.5	30.77	30.5	30.66	205	6293	0.9549
20100928	30.5	30.6	30.41	30.59	126	3845	-0.2283
20100929	30.6	30.9	30.59	30.66	233	7155	0.2288
20100930	30.79	30.79	30.45	30.54	174	5317	-0.3914
20101001	30.54	30.68	30.5	30.5	232	7123	-0.131
20101004	30.55	30.91	30.55	30.58	156	4805	0.2623
20101005	30.57	30.76	30.45	30.76	197	6032	0.5886
20101006	30.76	31.14	30.76	31.04	1764	54756	0.9103
20101007	31.04	31.28	31.04	31.06	212	6630	0.0644
20101008	31.06	31.2	30.92	31.14	111	3448	0.2576
20101011	30.88	31.1	30.86	30.89	1110	34411	-0.8028
20101012	30.89	31	30.43	31	336	10325	0.3561
20101013	30.89	30.89	30.45	30.65	174	5327	-1.129
20101014	30.74	31.05	30.74	30.89	191	5908	0.783
20101015	30.3	30.94	30.3	30.6	134	4105	-0.9388
20101018	30.4	30.64	30.15	30.15	234	7126	-1.4706
20101019	29.5	30.25	29.5	30.25	276	8236	0.3317
20101020	30	30.4	30	30.31	120	3636	0.1983
20101021	30.39	30.6	30.34	30.4	72	2192	0.2969
20101022	30.43	30.66	30.43	30.53	57	1741	0.4276
20101025	30.6	31.1	30.6	31.02	227	7010	1.605
20101026	31.3	31.38	31.17	31.32	524	16396	0.9671
20101027	31.37	31.42	31.05	31.14	308	9622	-0.5747
20101028	31.12	31.5	31.05	31.5	253	7941	1.1561
20101029	31.5	31.5	31.07	31.19	50	1557	-0.9841
20101101	31.19	31.41	31.19	31.32	174	5455	0.4168
20101102	31.5	31.5	31.07	31.39	107	3350	0.2235
20101103	31.39	31.39	30.62	30.8	134	4140	-1.8796
20101104	30.8	30.95	30.76	30.82	292	9004	0.0649
20101105	31.3	31.3	31.1	31.25	188	5870	1.3952
20101108	31.25	31.37	31.21	31.21	264	8280	-0.128
20101109	31.22	31.37	31.18	31.37	159	4971	0.5127
20101110	31.29	31.37	31.2	31.21	375	11737	-0.51
20101111	31.29	31.49	31.29	31.45	65	2045	0.769
20101112	31.34	31.39	30.98	31.39	124	3873	-0.1908
20101115	31.12	31.12	30.55	30.55	278	8548	-2.676
20101116	30.55	30.69	30.37	30.52	484	14745	-0.0982
20101117	30.45	30.49	30.2	30.25	246	7471	-0.8847
20101118	30.25	30.46	30.25	30.46	242	7346	0.6942
20101119	30.63	30.9	30.61	30.68	187	5771	0.7223
20101122	30.68	30.87	30.66	30.86	78	2418	0.5867
20101123	29.84	30.2	29.74	29.75	218	6510	-0.6805
20101124	29.7	29.74	29.62	29.72	67	1995	-0.1008
20101125	29.74	29.98	29.74	29.86	51	1521	0.4711
20101126	29.86	30	29.86	29.88	104	3129	0.067
20101129	30	30.2	29.96	30.19	93	2804	1.0375
20101130	30.19	30.62	30.17	30.58	377	11511	1.2918
20101201	30.58	30.94	30.58	30.87	226	6955	0.9483
20101202	30.96	31.3	30.96	31.2	401	12506	1.069
20101203	31.49	31.49	31.07	31.07	370	11568	-0.4167
20101206	31.4	31.4	31.13	31.25	84	2624	0.5793
20101207	31.3	31.34	31.09	31.25	151	4744	0
20101208	31.35	31.39	31.3	31.3	46	1444	0.16
20101209	31.5	31.5	31.4	31.47	142	4471	0.5431
20101210	31.5	31.5	31.21	31.27	80	2503	-0.6355
20101213	31.35	31.62	31.35	31.62	226	7155	1.1193
20101214	31.45	31.69	31.38	31.45	244	7707	-0.5376
20101215	31.4	31.6	31.36	31.4	147	4647	-0.159
20101216	31.3	31.48	31.2	31.46	186	5839	0.1911
20101217	31.4	31.59	31.4	31.57	73	2304	0.3497
20101220	31.57	31.57	31.26	31.44	173	5450	-0.4118
20101221	31.34	31.55	31.33	31.55	285	8968	0.3499
20101222	31.55	31.72	31.55	31.72	1807	57204	0.5388
20101223	31.76	31.94	31.76	31.94	225	7190	0.6936
20101224	31.65	31.92	31.65	31.8	153	4868	-0.4383
20101227	31.74	31.8	31.67	31.73	200	6373	-0.2201
20101228	31.7	31.85	31.55	31.67	170	5401	-0.1891
20101229	31.62	31.73	31.55	31.68	239	7571	0.0316
20101230	31.8	31.87	31.71	31.87	139	4427	0.5997
20101231	31.73	32.18	31.73	32.14	133	4263	0.8472
20110103	32.2	32.56	32.07	32.56	188	6079	1.3068
20110104	32.58	32.58	32.24	32.24	91	2976	-0.9828
20110105	32.24	32.41	31.63	31.78	431	13812	-1.4268
20110106	31.78	32.17	31.76	32.17	275	8786	1.2272
20110107	32.17	32.17	31.41	31.59	305	9644	-1.8029
20110110	31.59	32	31.5	32	148	4701	1.2979
20110111	31.9	32.18	31.85	32.17	82	2632	0.5313
20110112	32.17	32.37	32.17	32.34	252	8132	0.5284
20110113	32.4	32.5	32.21	32.34	125	4049	0
20110114	32.5	32.5	32.35	32.4	16	521	0.1855
20110117	32.5	32.5	31.95	31.99	67	2164	-1.2654
20110118	31.9	32.55	31.81	32.55	91	2953	1.7505
20110119	32.4	32.45	32.23	32.4	124	4021	-0.4608
20110120	32.4	32.54	32.23	32.24	64	2070	-0.4938
20110121	32.18	32.18	31.91	32.08	557	17851	-0.4963
20110124	31.96	32.16	31.9	31.9	70	2241	-0.5611
20110125	32.02	32.3	32.02	32.2	134	4312	0.9404
20110126	32.11	32.39	32.11	32.3	60	1949	0.3106
20110127	32.3	32.42	31.91	32.39	249	8031	0.2786
20110128	32.4	32.42	32.24	32.39	170	5501	0
20110208	32.4	32.52	32.23	32.36	198	6418	-0.0926
20110209	32.15	32.38	31.97	31.97	104	3366	-1.2052
20110210	31.96	32.05	31.74	31.85	145	4623	-0.3754
20110211	31.8	31.8	30.34	30.68	529	16413	-3.6735
20110214	30.75	30.85	30.68	30.83	253	7803	0.4889
20110215	30.85	30.99	30.5	30.87	284	8772	0.1297
20110216	31.1	31.28	30.89	31.02	76	2373	0.4859
20110217	31.05	31.16	30.89	30.9	30	933	-0.3868
20110218	31	31.48	31	31.47	78	2445	1.8447
20110221	31.47	31.59	31.4	31.46	62	1952	-0.0318
20110222	30.9	31.26	30.73	30.83	160	4939	-2.0025
20110223	30.7	31	30.21	30.22	144	4395	-1.9786
20110224	30.22	30.49	30.22	30.32	62	1882	0.3309
20110225	30.41	30.54	30.02	30.53	198	6028	0.6926
20110301	30.72	30.99	30.71	30.99	44	1377	1.5067
20110302	30.9	31.04	30.81	30.91	296	9172	-0.2581
20110303	31	31.42	31	31.3	285	8913	1.2617
20110304	31.5	31.5	31.22	31.35	208	6524	0.1597
20110307	31.21	31.21	30.92	31.03	33	1023	-1.0207
20110308	31.1	31.16	31	31	31	972	-0.0967
20110309	31.02	31.38	30.91	30.91	32	999	-0.2903
20110310	31	31	30.7	30.71	44	1357	-0.647
20110311	30.41	30.51	30.25	30.51	92	2807	-0.6513
20110314	30.06	30.5	29.65	30.5	127	3833	-0.0328
20110315	29.76	30.3	28.37	28.38	1034	29689	-6.9508
20110316	28.9	29	28.7	28.85	1056	30465	1.6561
20110317	28.75	28.94	28.4	28.94	594	17122	0.312
20110318	29	29.43	29	29.4	89	2614	1.5895
20110321	29.4	29.7	29.4	29.68	129	3834	0.9524
20110322	29.75	30.2	29.74	30.17	180	5410	1.6509
20110323	30.16	30.16	29.91	30.03	53	1601	-0.464
20110324	30.1	30.2	30.1	30.2	70	2111	0.5661
20110325	30.25	30.34	30.1	30.26	573	17329	0.1987
20110328	30.15	30.15	29.91	30.06	53	1594	-0.6609
20110329	29.9	30.13	29.9	30.1	41	1230	0.1331
20110330	30.1	30.25	30.1	30.24	89	2702	0.4651
20110331	30.24	30.35	30.21	30.21	129	3909	-0.0992
20110401	30.23	30.55	30.23	30.55	95	2889	1.1255
20110406	30.6	31.1	30.6	31.07	223	6905	1.7021
20110407	30.86	31.24	30.86	31.21	176	5486	0.4506
20110408	31.21	31.49	31.19	31.3	234	7345	0.2884
20110411	31.3	31.62	31.24	31.62	830	26203	1.0224
20110412	31.3	31.3	30.79	30.8	1088	33558	-2.5933
20110413	30.72	30.98	30.72	30.98	54	1678	0.5844
20110414	30.98	31.2	30.95	31.09	45	1398	0.3551
20110415	31.09	31.15	30.78	30.78	60	1866	-0.9971
20110418	30.8	31.02	30.74	30.75	43	1325	-0.0975
20110419	30.46	30.68	30.35	30.45	96	2926	-0.9756
20110420	30.63	31.18	30.63	31.09	77	2399	2.1018
20110421	31.24	31.98	31.24	31.86	243	7745	2.4767
20110422	31.87	32	31.86	31.91	153	4890	0.1569
20110425	32	32.03	31.73	31.9	50	1596	-0.0313
20110426	31.6	32.9	31.6	32.9	103	3373	3.1348
20110427	31.97	32.29	31.97	32.15	147	4727	-2.2796
20110428	32	32.19	31.81	31.84	59	1885	-0.9642
20110429	31.8	31.86	31.45	31.45	61	1927	-1.2249
20110503	31.5	31.5	31.3	31.42	44	1385	-0.0954
20110504	31.32	31.66	31.32	31.59	33	1042	0.5411
20110505	31.59	32.04	31.38	32.04	220	7024	1.4245
20110506	32	32.01	31.9	31.98	36	1155	-0.1873
20110509	32.1	32.3	32.02	32.2	97	3131	0.6879
20110510	32.01	32.06	31.93	31.93	21	678	-0.8385
20110511	31.93	32.23	31.89	31.89	78	2499	-0.1253
20110512	31.88	32.1	31.85	32.1	68	2173	0.6585
20110513	32.07	32.25	31.95	32.08	47	1506	-0.0623
20110516	32.05	32.05	31.7	31.78	21	675	-0.9352
20110517	31.78	31.78	31.3	31.3	49	1544	-1.5104
20110518	31.43	31.48	31.43	31.48	13	408	0.5751
20110519	31.6	31.81	31.2	31.2	26	830	-0.8895
20110520	31.21	31.36	31	31.32	40	1247	0.3846
20110523	31.15	31.15	30.6	30.7	92	2855	-1.9796
20110524	30.5	30.75	30.34	30.75	306	9352	0.1629
20110525	31	31	30.52	30.63	223	6833	-0.3902
20110526	30.85	31.09	30.78	31.09	186	5748	1.5018
20110527	31.09	31.4	31.09	31.4	98	3061	0.9971
20110530	31.2	31.43	31.11	31.42	64	2011	0.0637
20110531	31.42	31.95	31.42	31.95	202	6410	1.6868
20110601	31.97	32.34	31.97	32.2	369	11926	0.7825
20110602	32.15	32.15	31.98	31.98	209	6740	-0.6832
20110603	32.02	32.37	32.02	32.37	173	5583	1.2195
20110607	31.91	32.32	31.91	32.1	57	1828	-0.8341
20110608	32.1	32.19	32	32	85	2731	-0.3115
20110609	31.99	32.28	31.99	32.08	42	1367	0.25
20110610	32.13	32.19	31.55	31.58	213	6796	-1.5586
20110613	31.5	31.5	31.1	31.12	106	3326	-1.4566
20110614	31.2	31.43	31.2	31.43	190	5954	0.9961
20110615	31.4	31.4	31	31.3	51	1595	-0.4136
20110616	31	31	30.67	30.67	137	4234	-2.0128
20110617	30.67	30.82	30.4	30.4	87	2657	-0.8803
20110620	30.6	30.6	30.1	30.13	166	5063	-0.8882
20110621	30.2	30.9	30	30.9	82	2481	2.5556
20110622	30.9	30.9	30.44	30.54	99	3042	-1.165
20110623	30.5	31	30.39	30.39	56	1722	-0.4912
20110624	30.39	30.43	30.3	30.42	23	706	0.0987
20110627	30.2	30.5	30.1	30.38	143	4319	-0.1315
20110628	30.49	30.7	30.3	30.35	43	1316	-0.0987
20110629	30.8	30.8	30.51	30.79	33	1015	1.4498
20110630	31	32.94	30.8	30.8	843	26834	0.0325
20110701	31	31.26	31	31.08	142	4421	0.9091
20110704	31.19	31.39	31.19	31.37	164	5140	0.9331
20110705	31.35	31.35	31.15	31.3	70	2191	-0.2231
20110706	31.3	31.5	31.3	31.45	84	2639	0.4792
20110707	31.45	31.76	31.45	31.73	166	5257	0.8903
20110708	31.73	32.1	31.56	31.56	88	2817	-0.5358
20110711	31.5	31.8	31.4	31.4	59	1861	-0.507
20110712	31	31.54	30.95	30.97	168	5217	-1.3694
20110713	31	31.04	30.93	31.04	38	1177	0.226
20110714	31.03	31.1	30.51	30.72	177	5441	-1.0309
20110715	30.72	31.35	30.72	31.13	85	2650	1.3346
20110718	31.16	31.51	31.14	31.37	78	2445	0.771
20110719	31.37	31.37	31.19	31.3	23	727	-0.2231
20110720	31.52	31.8	31.52	31.74	128	4064	1.4058
20110721	31.8	32.1	31.8	31.9	235	7522	0.5041
20110722	32.14	32.41	32.14	32.4	186	6035	1.5674
20110725	32.33	32.33	31.83	32	99	3175	-1.2346
20110726	31.9	32.38	31.9	32.38	49	1573	1.1875
20110727	32.37	32.76	32.16	32.76	136	4415	1.1736
20110728	32.37	32.59	32.29	32.57	49	1592	-0.58
20110729	32.5	32.5	31.94	32.07	70	2253	-1.5352
20110801	32.4	32.5	32.27	32.5	78	2530	1.3408
20110802	32.29	32.44	32.16	32.31	58	1876	-0.5846
20110803	32.25	32.25	31.54	31.76	119	3779	-1.7023
20110804	31.76	32.79	31.25	31.26	236	7503	-1.5743
20110805	31	31	29.38	29.38	832	25102	-6.0141
20110808	29.62	29.62	27.6	28	478	13646	-4.6971
20110809	27	28.39	26.8	27.2	461	12555	-2.8571
20110810	28.89	29.09	28.5	28.7	884	25406	5.5147
20110811	28	28.98	28	28.83	408	11598	0.453
20110812	29.12	29.48	28.93	28.93	469	13692	0.3469
20110815	29	29.5	29	29.5	115	3367	1.9703
20110816	29.5	29.7	29.5	29.67	74	2211	0.5763
20110817	29.69	29.69	29.4	29.54	46	1383	-0.4382
20110818	28.8	29.35	28.5	28.73	163	4686	-2.742
20110819	27.99	28	27.12	27.12	355	9777	-5.6039
20110822	27.2	27.69	26.74	26.97	136	3690	-0.5531
20110823	27.2	27.78	27.2	27.78	51	1397	3.0033
20110824	27.9	27.96	27.7	27.78	57	1591	0
20110825	27.88	27.97	27.28	27.28	191	5265	-1.7999
20110826	27.3	27.5	27	27.3	64	1740	0.0733
20110829	27.3	28.05	27.3	28.05	128	3545	2.7473
20110830	28.4	28.4	27.85	28.15	86	2423	0.3565
20110831	28.15	28.33	27.99	28.28	102	2880	0.4618
20110901	28.45	28.7	28.42	28.42	87	2491	0.495
20110902	28.42	28.42	28.23	28.34	76	2160	-0.2815
20110905	27.86	27.98	27.82	27.82	58	1616	-1.8349
20110906	27.51	27.79	26.92	26.99	177	4837	-2.9835
20110907	27.47	27.59	27.15	27.59	83	2279	2.223
20110908	27.78	27.85	27.59	27.8	48	1344	0.7611
20110909	27.78	28	27.62	27.88	33	919	0.2878
20110913	27.8	27.8	27.16	27.78	74	2034	-0.3587
20110914	27.7	27.77	26.63	26.64	171	4614	-4.1037
20110915	27	27.47	27	27.47	70	1908	3.1156
20110916	27.6	27.95	27.51	27.95	92	2557	1.7474
20110919	27.8	27.95	27.5	27.5	32	891	-1.61
20110920	27.5	27.5	27.2	27.47	53	1447	-0.1091
20110921	27.47	27.7	27.47	27.56	50	1377	0.3276
20110922	27.08	27.28	26.85	26.85	75	2029	-2.5762
20110923	26.5	26.63	25.78	25.86	250	6515	-3.6872
20110926	25.9	25.9	24.6	24.6	282	7163	-4.8724
20110927	25.3	25.66	25.3	25.66	157	4016	4.3089
20110928	25.7	25.9	25.29	25.55	151	3876	-0.4287
20110929	25.48	25.84	25.22	25.72	94	2403	0.6654
20110930	25.7	25.9	25.63	25.86	113	2919	0.5443
20111003	25.46	25.57	25.15	25.18	89	2248	-2.6295
20111004	25	25.31	24.79	25.31	94	2355	0.5163
20111005	25.4	25.4	25.08	25.16	42	1085	-0.5927
20111006	25.4	25.66	25.24	25.64	1021	26010	1.9078
20111007	25.66	26.21	25.6	26.21	637	16459	2.2231
20111011	25.9	26.68	25.9	26.68	138	3640	1.7932
20111012	26.5	26.7	26.31	26.64	59	1569	-0.1499
20111013	26.75	26.87	26.75	26.87	102	2746	0.8634
20111014	26.78	26.78	26.38	26.38	116	3076	-1.8236
20111017	26.68	26.97	26.63	26.63	81	2173	0.9477
20111018	26.63	26.63	26.33	26.54	35	930	-0.338
20111019	26.54	26.54	26.23	26.23	1199	31693	-1.168
20111020	26.23	26.23	25.85	25.85	182	4750	-1.4487
20111021	25.88	26.09	25.8	26.09	42	1093	0.9284
20111024	26.4	26.85	26.23	26.23	271	7221	0.5366
20111025	26.75	27	26.75	26.83	179	4821	2.2875
20111026	26.75	27.1	26.75	27.08	54	1460	0.9318
20111027	27.08	27.6	27.08	27.59	112	3063	1.8833
20111028	27.95	27.95	27.3	27.3	102	2833	-1.0511
20111031	27.34	27.4	27.32	27.35	43	1176	0.1832
20111101	27.15	27.61	27.14	27.59	78	2167	0.8775
20111102	27.14	27.45	27	27.45	58	1584	-0.5074
20111103	27.45	27.71	26.7	26.7	180	4847	-2.7322
20111104	27.24	27.59	27	27	128	3491	1.1236
20111107	27.33	27.58	27.31	27.41	160	4402	1.5185
20111108	27.56	27.76	27.41	27.41	58	1601	0
20111109	27.54	27.54	27.36	27.36	14	388	-0.1824
20111110	27.02	27.02	26.26	26.52	187	4962	-3.0702
20111111	26.47	26.5	26.2	26.41	69	1822	-0.4148
20111114	26.6	27.1	26.6	27.1	88	2376	2.6126
20111115	27	27	26.7	26.7	137	3680	-1.476
20111116	27	27	26.36	26.55	248	6594	-0.5618
20111117	26.4	26.44	26.1	26.38	286	7524	-0.6403
20111118	26.1	26.1	25.81	25.9	332	8632	-1.8196
20111121	25.8	25.8	24.98	24.98	394	9937	-3.5521
20111122	25	25.19	24.59	24.7	488	12096	-1.1209
20111123	24.4	24.4	23.16	23.17	455	10750	-2.5506
20111124	23.3	23.36	22.89	23.26	223	5165	0.3884
20111125	23.46	23.56	23	23.07	167	3900	-0.8169
20111128	23.35	23.37	23.18	23.37	76	1772	1.3004
20111129	23.5	23.75	23.5	23.75	47	1114	1.626
20111130	23.74	23.74	23.18	23.28	55	1287	-1.9789
20111201	23.8	24.5	23.8	24.38	252	6090	4.7251
20111202	24.02	24.21	24.02	24.18	63	1520	-0.8203
20111205	24.02	24.18	23.95	23.97	43	1038	-0.8685
20111206	23.95	23.95	23.58	23.68	79	1888	-1.2098
20111207	23.82	23.86	23.51	23.6	38	905	-0.3378
20111208	23.63	23.63	23.2	23.39	66	1546	-0.8898
20111209	23.39	23.39	22.9	23.02	111	2582	-1.5819
20111212	23.29	23.6	23.13	23.13	41	969	0.4778
20111213	23.1	23.1	22.8	23.1	72	1657	-0.1297
20111214	23.11	23.19	22.82	23.19	60	1384	0.3896
20111215	23.11	23.11	22.6	22.6	130	2964	-2.5442
20111216	22.6	22.98	22.6	22.84	74	1702	1.0619
20111219	22.6	22.65	21.72	21.72	391	8690	-4.9037
20111220	22.1	22.22	21.84	21.84	157	3473	0.5525
20111221	22.23	23.19	22.23	23.19	165	3784	6.1813
20111222	23.18	23.18	23	23.08	95	2190	-0.4743
20111223	23.41	23.85	23.38	23.71	147	3475	2.7296
20111226	23.71	23.98	23.53	23.58	55	1301	-0.5483
20111227	23.41	23.78	23.41	23.78	341	8095	0.8482
20111228	23.59	23.67	23.35	23.35	236	5527	-1.8082
20111229	23.35	24.02	23.11	24.02	134	3169	2.8694
20111230	23.84	23.91	23.71	23.71	67	1599	-1.2906
20120102	23.71	23.71	23.3	23.4	185	4331	-1.3075
20120103	23.42	23.7	23.42	23.7	84	1992	1.2821
20120104	23.7	23.8	23.67	23.67	80	1905	-0.1266
20120105	23.67	23.85	23.67	23.85	50	1191	0.7605
20120106	23.85	23.96	23.81	23.82	56	1340	-0.1258
20120109	23.82	23.87	23.7	23.7	26	621	-0.5038
20120110	23.85	24.12	23.85	24.09	202	4855	1.6456
20120111	24.12	24.23	24.08	24.2	109	2643	0.4566
20120112	24.2	24.24	24	24	82	1977	-0.8264
20120113	24.2	24.37	24	24	293	7089	0
20120116	24.23	24.3	23.76	23.76	171	4115	-1
20120117	24.02	24.67	24.02	24.67	151	3686	3.83
20120118	25.3	25.3	24.7	24.9	2651	66179	0.9323
20120130	25.47	25.8	25.3	25.53	1155	29463	2.5301
20120131	25.61	26	25.55	25.89	349	9023	1.4101
20120201	25.9	26.63	25.89	26.63	1192	31578	2.8582
20120202	27.45	27.45	26.8	26.8	977	26386	0.6384
20120203	26.8	26.95	26.62	26.89	450	12088	0.3358
20120204	27	27.19	26.98	27.1	902	24437	0.781
20120206	27.01	27.02	26.85	26.88	423	11420	-0.8118
20120207	26.88	27.1	26.86	27.1	596	16094	0.8185
20120208	27.11	27.65	27.11	27.59	580	15935	1.8081
20120209	27.65	27.86	27.53	27.59	323	8949	0
20120210	27.7	27.9	27.44	27.54	240	6654	-0.1812
20120213	27.54	28	27.54	27.9	367	10189	1.3072
20120214	28.08	28.09	27.5	27.67	234	6498	-0.8244
20120215	27.67	28	27.61	28	338	9459	1.1926
20120216	27.95	28	27.31	27.31	406	11274	-2.4643
20120217	27.4	27.78	27.3	27.35	458	12597	0.1465
20120220	27.62	27.9	27.52	27.62	181	5021	0.9872
20120221	27.76	27.78	27.41	27.5	164	4537	-0.4345
20120222	27.52	27.95	27.52	27.88	251	7012	1.3818
20120223	27.8	28.05	27.8	27.88	251	7022	0
20120224	27.76	27.8	27.51	27.6	99	2744	-1.0043
20120229	27.79	28.2	27.79	28.07	374	10502	1.7029
20120301	28.1	28.59	28.1	28.59	280	7958	1.8525
20120302	28.74	28.74	28.38	28.49	263	7529	-0.3498
20120303	28.41	28.56	28.25	28.35	169	4797	-0.4914
20120305	28.35	28.35	27.85	27.93	185	5191	-1.4815
20120306	27.93	27.93	27.13	27.36	219	6011	-2.0408
20120307	27.1	27.4	26.9	27.3	102	2773	-0.2193
20120308	27.5	27.74	27.43	27.63	131	3624	1.2088
20120309	27.65	27.92	27.65	27.78	92	2566	0.5429
20120312	27.78	27.92	27.55	27.55	170	4714	-0.8279
20120313	27.7	27.95	27.56	27.56	278	7740	0.0363
20120314	28	28.15	27.92	28.13	325	9125	2.0682
20120315	28.13	28.24	28.07	28.17	153	4312	0.1422
20120316	28	28.25	28	28.12	65	1834	-0.1775
20120319	28.1	28.14	27.86	27.97	68	1898	-0.5334
20120320	27.89	27.92	27.61	27.62	69	1926	-1.2513
20120321	27.6	27.7	27.52	27.6	47	1297	-0.0724
20120322	27.6	27.87	27.6	27.83	105	2924	0.8333
20120323	27.83	27.88	27.7	27.85	63	1753	0.0719
20120326	27.85	27.85	27.62	27.62	56	1550	-0.8259
20120327	27.75	27.78	27.64	27.78	42	1170	0.5793
20120328	27.7	27.79	27.62	27.66	58	1610	-0.432
20120329	27.5	27.5	26.8	26.95	280	7587	-2.5669
20120330	26.95	27.09	26.61	27	119	3203	0.1855
20120402	27.25	27.25	26.8	26.85	63	1697	-0.5556
20120403	26.92	26.92	26.12	26.28	309	8173	-2.1229
20120405	25.71	26	25.21	25.9	263	6743	-1.446
20120406	25.89	26.17	25.89	26.02	75	1969	0.4633
20120409	25.8	25.87	25.66	25.85	64	1653	-0.6533
20120410	26	26.29	25.86	25.86	70	1838	0.0387
20120411	25.7	25.88	25.7	25.86	187	4826	0
20120412	25.88	26.03	25.72	26.01	187	4863	0.58
20120413	26.11	26.55	26.11	26.54	190	5027	2.0377
20120416	26.5	26.54	26.34	26.38	52	1378	-0.6029
20120417	26.4	26.43	26.04	26.29	47	1231	-0.3412
20120418	26.39	26.39	25.9	26.07	66	1722	-0.8368
20120419	26.02	26.02	25.78	26	38	988	-0.2685
20120420	25.72	25.85	25.69	25.69	69	1777	-1.1923
20120423	25.69	25.69	25.3	25.5	83	2112	-0.7396
20120424	25.5	25.66	25	25	748	18724	-1.9608
20120425	25.3	25.79	25.3	25.69	124	3173	2.76
20120426	25.8	25.84	25.6	25.76	98	2523	0.2725
20120427	25.79	25.8	25.33	25.36	104	2673	-1.5528
20120430	25.3	25.4	25.09	25.4	69	1751	0.1577
20120502	25.4	26.55	25.4	26.55	294	7716	4.5276
20120503	26.3	26.4	26.3	26.3	34	897	-0.9416
20120504	26.25	26.35	26.14	26.22	204	5359	-0.3042
20120507	25.98	26.04	25.82	26.04	34	881	-0.6865
20120508	26.04	26.12	26.04	26.12	30	795	0.3072
20120509	25.9	25.96	25.7	25.83	49	1265	-1.1103
20120510	25.9	25.9	25.7	25.7	18	474	-0.5033
20120511	25.8	25.8	25.33	25.44	107	2737	-1.0117
20120514	25.44	25.44	25.12	25.19	32	809	-0.9827
20120515	25.1	25.8	24.95	25.8	76	1938	2.4216
20120516	25.4	25.4	24.72	24.78	370	9303	-3.9535
20120517	24.8	25.08	24.78	25	76	1906	0.8878
20120518	24.8	24.8	24.2	24.2	260	6374	-3.2
20120521	24.5	24.58	24.26	24.26	63	1552	0.2479
20120522	24.5	24.7	24.5	24.55	35	861	1.1954
20120523	24.49	24.49	24.11	24.35	44	1069	-0.8147
20120524	24.35	24.5	24.16	24.18	55	1358	-0.6982
20120525	24.3	24.3	24	24.02	115	2765	-0.6617
20120528	24.5	24.5	23.94	24.11	91	2191	0.3747
20120529	24.15	25.14	24.15	25.14	151	3761	4.2721
20120530	25.2	25.2	24.75	25.02	65	1626	-0.4773
20120531	24.62	25	24.61	25	55	1370	-0.0799
20120601	24.96	24.96	24.5	24.55	115	2853	-1.8
20120604	24	24	23.4	23.62	348	8228	-3.7882
20120605	23.97	24	23.73	23.9	89	2135	1.1854
20120606	24	24.21	23.83	24.03	58	1401	0.5439
20120607	24.55	24.55	24.15	24.15	84	2052	0.4994
20120608	24.25	24.25	24.05	24.08	22	533	-0.2899
20120611	24.5	24.55	24.38	24.5	52	1276	1.7442
20120612	24.3	24.46	24.3	24.45	22	536	-0.2041
20120613	24.46	24.58	24.46	24.58	20	502	0.5317
20120614	24.5	24.6	24.3	24.37	49	1201	-0.8544
20120615	24.59	24.73	24.5	24.65	74	1825	1.149
20120618	25.03	25.28	25.02	25.15	121	3042	2.0284
20120619	25	25.1	24.94	25.07	36	901	-0.3181
20120620	25.24	25.24	25.05	25.12	20	505	0.1994
20120621	25	25.12	24.93	24.93	75	1879	-0.7564
20120622	24.52	24.88	24.52	24.83	117	2897	-0.4011
20120625	24.55	24.74	24.52	24.73	91	2241	-0.4027
20120626	24.55	24.6	24.49	24.59	39	956	-0.5661
20120627	24.59	24.8	24.59	24.8	32	800	0.854
20120628	24.88	24.88	24.7	24.79	25	630	-0.0403
20120629	24.75	24.99	24.63	24.95	46	1150	0.6454
20120702	25.03	25.3	25.03	25.2	80	2014	1.002
20120703	25.2	25.38	25.2	25.3	63	1594	0.3968
20120704	25.33	27.07	25.33	27.07	751	20224	6.996
20120705	26.5	26.5	25.75	25.8	226	5865	-4.6915
20120706	25.8	25.8	25.65	25.66	63	1619	-0.5426
20120709	25.66	25.68	25.56	25.6	42	1076	-0.2338
20120710	25.8	25.8	25.1	25.28	63	1605	-1.25
20120711	25.28	25.43	25.23	25.43	35	905	0.5934
20120712	25.43	25.43	25.15	25.37	57	1442	-0.2359
20120713	25.22	25.22	25	25.13	33	826	-0.946
20120716	25.15	25.15	24.92	24.92	49	1228	-0.8357
20120717	25.12	25.13	24.9	25.03	31	794	0.4414
20120718	25.03	25.03	24.89	24.99	14	349	-0.1598
20120719	25	25.19	25	25.1	44	1106	0.4402
20120720	25.1	25.1	25	25.01	25	631	-0.3586
20120723	24.9	25	24.7	24.75	44	1090	-1.0396
20120724	24.7	24.8	24.52	24.62	45	1108	-0.5253
20120725	24.5	24.66	24.5	24.51	52	1278	-0.4468
20120726	24.53	25.02	24.53	24.78	38	944	1.1016
20120727	25	25.17	24.88	25.17	71	1781	1.5738
20120730	25.35	25.4	25.3	25.39	53	1351	0.8741
20120731	25.39	25.45	25.3	25.45	62	1586	0.2363
20120801	25.4	25.52	25.22	25.37	207	5233	-0.3143
20120803	25.08	25.31	25.08	25.19	42	1073	-0.7095
20120806	25.55	25.6	25.39	25.4	91	2316	0.8337
20120807	25.4	25.56	25.34	25.34	45	1146	-0.2362
20120808	25.5	25.71	25.5	25.56	91	2332	0.8682
20120809	25.6	26.15	25.6	26.14	177	4587	2.2692
20120810	26.14	26.17	25.95	26	102	2673	-0.5356
20120813	26.01	26.05	25.94	25.95	43	1118	-0.1923
20120814	26	26.28	26	26	122	3183	0.1927
20120815	26	26.1	25.95	26.01	73	1900	0.0385
20120816	26.05	26.33	26.05	26.32	91	2388	1.1918
20120817	26.22	26.56	26.22	26.35	49	1307	0.114
20120820	26.25	26.34	26.1	26.1	49	1290	-0.9488
20120821	26.11	26.5	26.11	26.27	79	2102	0.6513
20120822	26.27	26.27	26.21	26.25	44	1154	-0.0761
20120823	26.27	26.45	26.25	26.26	30	788	0.0381
20120824	26.25	26.25	26.2	26.25	26	682	-0.0381
20120827	26.4	26.4	26.1	26.14	59	1545	-0.419
20120828	26.14	26.14	25.78	25.78	73	1889	-1.3772
20120829	25.8	25.85	25.7	25.8	39	1005	0.0776
20120830	25.78	25.88	25.74	25.78	12	320	-0.0775
20120831	25.6	25.81	25.6	25.75	32	824	-0.1164
20120903	25.75	26.1	25.75	26.1	32	832	1.3592
20120904	26.1	26.15	25.96	26.09	13	338	-0.0383
20120905	25.75	25.96	25.71	25.91	28	722	-0.6899
20120906	25.73	25.8	25.72	25.8	17	440	-0.4245
20120907	26.13	26.13	25.95	26	245	6367	0.7752
20120910	26.05	26.2	25.8	26.1	56	1463	0.3846
20120911	26.1	26.19	26.1	26.19	87	2271	0.3448
20120912	26.19	26.45	26.19	26.45	71	1877	0.9927
20120913	26.5	26.5	26.22	26.28	238	6286	-0.6427
20120914	26.62	27.2	26.62	27.2	419	11265	3.5008
20120917	27.8	27.8	27.15	27.21	200	5521	0.0368
20120918	27.13	27.13	26.95	27.13	79	2146	-0.294
20120919	27.12	27.4	27.1	27.4	80	2181	0.9952
20120920	27.27	27.35	26.9	27.16	207	5624	-0.8759
20120921	27.16	27.28	27.16	27.16	256	6964	0
20120924	27.16	27.4	27.01	27.38	475	12928	0.81
20120925	27.38	27.48	27.13	27.25	206	5646	-0.4748
20120926	26.81	27.2	26.81	27	102	2753	-0.9174
20120927	27	27.06	26.85	26.85	146	3943	-0.5556
20120928	27	27.05	26.85	26.86	82	2211	0.0372
20121001	26.86	27	26.77	26.87	138	3717	0.0372
20121002	26.95	27.15	26.9	27	97	2623	0.4838
20121003	27	27.15	26.85	26.9	98	2652	-0.3704
20121004	26.76	26.9	26.76	26.9	193	5182	0
20121005	26.9	26.97	26.83	26.83	158	4254	-0.2602
20121008	27.09	27.09	26.62	26.75	58	1555	-0.2982
20121009	26.79	26.8	26.65	26.7	98	2636	-0.1869
20121011	26.45	26.5	26.13	26.13	55	1463	-2.1348
20121012	26.13	26.2	26.02	26.03	55	1436	-0.3827
20121015	26.03	26.1	25.95	26.05	46	1197	0.0768
20121016	26.25	26.25	26.02	26.08	62	1627	0.1152
20121017	26.14	26.28	26.14	26.25	134	3514	0.6518
20121018	26.26	26.3	26.16	26.16	31	823	-0.3429
20121019	26.16	26.16	26.03	26.06	19	498	-0.3823
20121022	25.89	26.08	25.89	25.9	28	726	-0.614
20121023	25.95	26.11	25.9	25.97	42	1097	0.2703
20121024	25.82	25.96	25.75	25.9	27	712	-0.2695
20121025	25.9	25.99	25.5	25.56	68	1771	-1.3127
20121026	25.56	25.56	25	25.1	174	4386	-1.7997
20121029	25.1	25.19	24.61	24.72	113	2816	-1.5139
20121030	24.73	24.99	24.5	24.6	693	17071	-0.4854
20121031	24.71	24.74	24.6	24.65	63	1563	0.2033
20121101	24.65	24.7	24.4	24.61	88	2169	-0.1623
20121102	24.9	24.9	24.75	24.75	26	652	0.5689
20121105	24.8	24.88	24.53	24.82	45	1134	0.2828
20121106	24.8	24.82	24.7	24.76	20	503	-0.2417
20121107	25.08	25.08	24.9	24.91	48	1212	0.6058
20121108	24.6	24.8	24.6	24.8	25	640	-0.4416
20121109	24.65	25	24.65	24.9	100	2492	0.4032
20121112	24.9	24.98	24.8	24.84	57	1425	-0.241
20121113	24.8	24.81	24.65	24.8	51	1268	-0.161
20121114	24.75	24.78	24.62	24.78	46	1140	-0.0806
20121115	24.7	24.8	24.58	24.71	49	1225	-0.2825
20121116	24.7	25	24.65	24.65	52	1294	-0.2428
20121119	24.65	24.9	24.4	24.6	60	1486	-0.2028
20121120	24.7	24.7	24.6	24.61	30	738	0.0407
20121121	24.62	24.62	24.27	24.3	112	2736	-1.2597
20121122	24.03	24.03	23.62	23.62	95	2270	0.2881
20121123	23.69	24.28	23.69	24.01	118	2852	1.6511
20121126	24.37	24.69	24.3	24.68	126	3093	2.7905
20121127	24.66	24.79	24.6	24.75	64	1584	0.2836
20121128	24.77	24.77	24.68	24.74	48	1186	-0.0404
20121129	25	25	24.75	24.8	94	2340	0.2425
20121130	24.8	25.05	24.8	25	104	2617	0.8065
20121203	25	25.25	25	25.24	58	1479	0.96
20121204	25.17	25.25	25	25.25	85	2142	0.0396
20121205	25.25	25.58	25.2	25.47	116	2946	0.8713
20121206	25.47	25.6	25.35	25.35	78	1989	-0.4711
20121207	25.5	25.64	25.5	25.53	133	3405	0.7101
20121210	25.51	25.6	25.28	25.47	53	1350	-0.235
20121211	25.47	25.5	25.12	25.15	97	2447	-1.2564
20121212	25.4	25.7	25.33	25.33	237	6045	0.7157
20121213	25.45	25.63	25.45	25.6	210	5372	1.0659
20121214	25.59	25.6	25.48	25.49	83	2132	-0.4297
20121217	25.4	25.49	25.29	25.29	89	2274	-0.7846
20121218	25.3	25.41	25.3	25.37	91	2318	0.3163
20121219	25.43	25.58	25.43	25.49	188	4793	0.473
20121220	25.41	25.41	25.13	25.16	35	889	-1.2946
20121221	25.16	25.37	24.95	24.98	72	1800	-0.7154
20121222	25	25.05	24.98	25.02	82	2050	0.1601
20121224	25.02	25.13	25.02	25.09	161	4040	0.2798
20121225	25.28	25.68	25.25	25.6	371	9466	2.0327
20121226	25.6	25.93	25.58	25.7	100	2571	0.3906
20121227	25.6	25.72	25.6	25.69	84	2155	-0.0389
20121228	25.64	25.77	25.64	25.75	43	1106	0.2336
20130102	25.75	26.1	25.75	26.09	277	7204	1.3204
20130103	26.2	26.3	26.1	26.12	139	3649	0.115
20130104	26.12	26.12	25.74	26	88	2277	-0.4594
20130107	25.9	25.91	25.82	25.84	39	1021	-0.6154
20130108	25.84	25.84	25.64	25.68	33	848	-0.6192
20130109	25.68	26	25.67	25.78	42	1083	0.3894
20130110	25.86	26.12	25.86	25.98	149	3879	0.7758
20130111	26.1	26.3	26.1	26.18	280	7346	0.7698
20130114	26.18	26.18	26	26.18	88	2294	0
20130115	26.18	26.18	25.9	25.9	48	1249	-1.0695
20130116	25.91	25.96	25.72	25.73	50	1298	-0.6564
20130117	25.75	25.95	25.45	25.5	122	3147	-0.8939
20130118	25.5	25.8	25.5	25.56	92	2360	0.2353
20130121	25.57	25.78	25.54	25.7	105	2692	0.5477
20130122	25.78	25.8	25.7	25.76	65	1677	0.2335
20130123	25.88	25.88	25.76	25.81	83	2141	0.1941
20130124	25.61	25.78	25.56	25.7	86	2216	-0.4262
20130125	25.6	25.6	25.6	25.6	3	81	-0.3891
20130128	25.7	25.86	25.69	25.8	134	3460	0.7813
20130129	25.8	26.15	25.8	26.1	232	6069	1.1628
20130130	26.1	26.34	26.07	26.09	340	8922	-0.0383
20130131	26.43	26.5	26.27	26.35	182	4799	0.9966
20130201	26.35	26.55	26.35	26.4	320	8478	0.1898
20130204	26.4	26.75	26.4	26.7	458	12228	1.1364
20130205	26.5	26.58	26.4	26.58	59	1577	-0.4494
20130206	26.58	26.65	26.39	26.39	78	2067	-0.7148
20130218	26.65	26.7	26.45	26.7	177	4730	1.1747
20130219	26.6	26.85	26.6	26.85	132	3532	0.5618
20130220	26.75	27.01	26.75	27.01	136	3669	0.5959
20130221	27.01	27.01	26.65	26.66	55	1490	-1.2958
20130222	26.48	26.78	26.42	26.61	294	7829	-0.1875
20130223	26.62	26.7	26.62	26.66	65	1733	0.1879
20130225	26.6	26.65	26.52	26.52	64	1704	-0.5251
20130226	26.4	26.63	26.4	26.57	116	3083	0.1885
20130227	26.5	26.55	26.5	26.5	42	1113	-0.2635
20130301	26.54	26.81	26.54	26.8	920	24625	1.1321
20130304	26.88	26.88	26.51	26.57	62	1651	-0.8582
20130305	26.6	26.88	26.6	26.63	160	4286	0.2258
20130306	27	27.11	26.8	26.8	189	5118	0.6384
20130307	26.89	27.03	26.89	26.9	93	2518	0.3731
20130308	26.92	27.31	26.92	27.16	284	7743	0.9665
20130311	27.16	27.43	27.16	27.36	335	9162	0.7364
20130312	27.39	27.5	27	27	128	3495	-1.3158
20130313	27.02	27.26	26.96	27.12	195	5294	0.4444
20130314	26.85	27.1	26.85	26.88	54	1465	-0.885
20130315	26.92	26.92	26.85	26.85	39	1048	-0.1116
20130318	26.8	26.8	26.3	26.3	69	1828	-2.0484
20130319	26.33	26.45	26.33	26.36	50	1325	0.2281
20130320	26.39	26.4	26.31	26.31	35	923	-0.1897
20130321	26.4	26.62	26.4	26.48	30	800	0.6461
20130322	26.48	26.54	26.45	26.45	28	741	-0.1133
20130325	26.58	26.7	26.52	26.7	125	3334	0.9452
20130326	26.68	26.75	26.53	26.6	27	718	-0.3745
20130327	26.7	26.8	26.65	26.66	62	1657	0.2256
20130328	26.68	26.68	26.51	26.51	57	1515	-0.5626
20130329	26.74	26.89	26.67	26.71	158	4234	0.7544
20130401	26.72	26.9	26.51	26.69	393	10525	-0.0749
20130402	26.69	26.83	26.65	26.65	51	1364	-0.1499
20130403	26.7	26.95	26.7	26.89	138	3705	0.9006
20130408	26.52	26.56	26.12	26.33	116	3050	-2.0826
20130409	26.3	26.3	26.12	26.12	31	828	-0.7976
20130410	26.34	26.34	26.13	26.2	21	553	0.3063
20130411	26.31	26.6	26.31	26.55	111	2945	1.3359
20130412	26.63	26.72	26.58	26.65	27	732	0.3766
20130415	26.65	26.7	26.3	26.36	24	637	-1.0882
20130416	26.25	26.5	26.24	26.46	83	2190	0.3794
20130417	26.46	26.75	26.46	26.6	121	3220	0.5291
20130418	26.6	26.7	26.36	26.36	94	2496	-0.9023
20130419	26.67	26.92	26.67	26.78	241	6461	1.5933
20130422	26.85	27	26.85	26.95	162	4378	0.6348
20130423	26.95	27.02	26.86	26.92	42	1136	-0.1113
20130424	27.02	27.25	27.02	27.2	188	5112	1.0401
20130425	27.3	27.36	27.2	27.29	133	3638	0.3309
20130426	27.29	27.58	27.29	27.5	127	3495	0.7695
20130429	27.5	27.5	27.27	27.37	31	853	-0.4727
20130430	27.43	27.65	27.43	27.45	173	4777	0.2923
20130502	27.46	27.65	27.46	27.58	225	6218	0.4736
20130503	27.61	27.74	27.61	27.61	147	4094	0.1088
20130506	27.74	27.8	27.7	27.71	146	4055	0.3622
20130507	27.75	27.93	27.75	27.85	224	6263	0.5052
20130508	27.85	28.3	27.85	28.05	163	4585	0.7181
20130509	28.2	28.25	28.06	28.06	84	2369	0.0357
20130510	28.06	28.23	28.06	28.12	132	3716	0.2138
20130513	28.1	28.29	28.02	28.1	80	2265	-0.0711
20130514	28.03	28.25	27.99	28.13	108	3041	0.1068
20130515	28.18	28.23	28	28.21	147	4140	0.2844
20130516	28.33	28.73	28.33	28.55	284	8110	1.2052
20130517	28.26	28.8	28.26	28.5	42	1202	-0.1751
20130520	28.5	28.55	28.45	28.54	108	3086	0.1404
20130521	28.55	28.9	28.55	28.78	105	3018	0.8409
20130522	29	29	28.7	28.8	145	4181	0.0695
20130523	28.66	28.8	28.3	28.3	65	1854	-1.7361
20130524	28.3	28.33	28.04	28.22	92	2605	-0.2827
20130527	28.15	28.57	28.15	28.21	116	3279	-0.0354
20130528	28.24	28.51	28.24	28.51	101	2881	1.0635
20130529	28.56	28.78	28.56	28.58	66	1892	0.2455
20130530	28.57	28.7	28.3	28.3	23	655	-0.9797
20130531	28.5	28.74	28.5	28.51	33	944	0.742
20130603	28.07	28.22	28.07	28.13	77	2166	-1.3329
20130604	28.14	28.23	28	28	36	1025	-0.4621
20130605	28	28.1	28	28.1	28	793	0.3571
20130606	27.87	27.87	27.75	27.76	16	451	-1.21
20130607	27.8	27.9	27.6	27.65	27	757	-0.3963
20130610	27.7	27.98	27.7	27.97	19	537	1.1573
20130611	27.96	27.97	27.81	27.81	14	397	-0.572
20130613	27.52	27.6	27.34	27.45	49	1345	-1.2945
20130614	27.45	27.45	27.12	27.12	168	4575	-1.2022
20130617	27.13	27.45	27.13	27.45	40	1092	1.2168
20130618	27.45	27.53	27.44	27.44	9	252	-0.0364
20130619	27.48	27.66	27.48	27.65	30	825	0.7653
20130620	27.5	27.5	27.26	27.26	15	410	-1.4105
20130621	27	27.19	26.72	26.87	35	939	-1.4307
20130624	26.87	27.03	26.86	26.93	18	498	0.2233
20130625	26.5	26.78	26.4	26.4	55	1462	-1.9681
20130626	26.5	26.8	26.5	26.55	53	1413	0.5682
20130627	26.66	27.17	26.66	27.14	82	2223	2.2222
20130628	27	27.28	27	27.27	81	2205	0.479
20130701	27.27	27.5	27.25	27.49	20	548	0.8067
20130702	27.5	27.51	27.34	27.46	28	769	-0.1091
20130703	27.21	27.58	27.16	27.24	21	573	-0.8012
20130704	27.24	27.25	27.17	27.17	16	439	-0.257
20130705	27.45	27.5	27.38	27.5	37	1014	1.2146
20130708	27.4	27.5	27.3	27.3	17	465	-0.7273
20130709	27.43	27.44	27.35	27.35	9	246	0.1832
20130710	27.49	27.8	27.43	27.51	66	1825	0.585
20130711	27.99	28.15	27.81	28.12	76	2131	2.2174
20130712	28.02	28.46	28.02	28.35	162	4593	0.8179
20130715	28.04	28.6	28.04	28.55	92	2626	0.7055
20130716	28.55	28.6	28.31	28.56	62	1768	0.035
20130717	28.56	28.8	28.56	28.59	153	4389	0.105
20130718	28.62	28.88	28.59	28.69	51	1468	0.3498
20130719	28.5	28.53	28.12	28.19	104	2962	-1.7428
20130722	28.23	28.75	28.23	28.41	42	1198	0.7804
20130723	28.6	28.88	28.6	28.71	41	1180	1.056
20130724	28.75	28.95	28.72	28.75	151	4346	0.1393
20130725	28.79	29	28.64	28.64	79	2297	-0.3826
20130726	28.85	28.95	28.6	28.8	21	604	0.5587
20130729	28.65	28.7	28.36	28.67	45	1283	-0.4514
20130730	28.64	28.8	28.52	28.7	17	487	0.1046
20130731	28.7	28.7	28.39	28.39	14	397	-1.0801
20130801	28.41	28.55	28.34	28.54	30	854	0.5284
20130802	29.05	29.05	28.5	28.5	23	676	-0.1402
20130805	28.58	28.69	28.51	28.69	13	371	0.6667
20130806	28.7	28.7	28.4	28.7	39	1118	0.0349
20130807	28.6	28.6	28.25	28.25	20	567	-1.5679
20130808	28.25	28.59	28.15	28.15	19	536	-0.354
20130809	28.15	28.15	28.05	28.1	10	284	-0.1776
20130812	28.05	28.15	27.9	28.01	19	534	-0.3203
20130813	28.13	28.49	28.13	28.4	36	1018	1.3924
20130814	28.3	28.49	28.24	28.49	12	341	0.3169
20130815	28.3	28.3	28.11	28.11	4	112	-1.3338
20130816	28.35	28.45	28.29	28.45	8	227	1.2095
20130819	28.45	28.45	28.11	28.3	10	291	-0.5272
20130820	28.3	28.49	28.06	28.06	15	425	-0.8481
20130822	28.06	28.06	27.92	27.92	17	476	-0.4989
20130823	28.02	28.02	28	28.01	9	252	0.3223
20130826	28.2	28.45	28.12	28.12	10	282	0.3927
20130827	28.1	28.1	28	28	20	560	-0.4267
20130828	28	28	27.95	28	13	373	0
20130829	28	28.29	28	28.2	17	477	0.7143
20130830	28.23	28.4	28.23	28.4	4	113	0.7092
20130902	28.43	28.7	28.43	28.57	35	999	0.5986
20130903	28.62	29.04	28.62	28.9	219	6344	1.1551
20130904	28.8	28.98	28.78	28.98	24	694	0.2768
20130905	29	29.58	29	29.58	187	5485	2.0704
20130906	29.58	29.58	29.36	29.57	44	1312	-0.0338
20130909	29.5	29.55	29.3	29.55	70	2064	-0.0676
20130910	29.5	29.64	29.27	29.27	88	2594	-0.9475
20130911	29.29	29.58	29.29	29.44	44	1310	0.5808
20130912	29.44	29.75	29.32	29.75	93	2752	1.053
20130913	29.75	29.75	29.34	29.34	20	588	-1.3782
20130914	29.37	29.38	29.26	29.26	38	1114	-0.2727
20130916	29.35	29.74	29.35	29.7	64	1898	1.5038
20130917	29.69	29.69	29.5	29.62	17	502	-0.2694
20130918	29.62	29.78	29.51	29.65	37	1097	0.1013
20130923	29.65	29.88	29.65	29.8	46	1368	0.5059
20130924	29.8	29.98	29.74	29.75	42	1278	-0.1678
20130925	29.75	29.95	29.75	29.93	35	1045	0.605
20130926	29.93	29.93	29.42	29.73	33	994	-0.6682
20130927	29.65	29.7	29.5	29.67	32	948	-0.2018
20130930	29.65	29.65	29.44	29.44	27	796	-0.7752
20131001	29.64	29.68	29.46	29.46	20	591	0.0679
20131002	29.51	29.6	29.46	29.5	23	678	0.1358
20131003	29.53	30.14	29.53	30.05	328	9842	1.8644
20131004	30.05	30.49	30.04	30.49	113	3435	1.4642
20131007	30.41	30.5	30.3	30.5	30	913	0.0328
20131008	30.48	30.48	30.03	30.16	32	965	-1.1148
20131009	30.1	30.16	30.03	30.03	17	515	-0.431
20131011	30.26	32.13	30.12	32.13	165	5092	6.993
20131014	31.9	31.9	30.11	30.5	136	4171	-5.0731
20131015	30.48	30.72	30.45	30.68	84	2568	0.5902
20131016	30.9	30.9	30.21	30.22	30	918	-1.4993
20131017	30.49	30.69	30.41	30.41	19	578	0.6287
20131018	30.41	30.6	30.35	30.6	37	1131	0.6248
20131021	30.6	30.6	30.13	30.13	31	942	-1.5359
20131022	30.15	30.6	30.15	30.25	46	1413	0.3983
20131023	30.33	30.33	30.19	30.19	37	1132	-0.1983
20131024	30.19	30.2	30.09	30.13	45	1356	-0.1987
20131025	30.13	30.13	30.01	30.1	9	270	-0.0996
20131028	30.1	30.12	29.93	29.93	35	1050	-0.5648
20131029	29.91	30.2	29.9	30.2	24	733	0.9021
20131030	30.2	30.2	30.13	30.19	11	331	-0.0331
20131031	30.19	30.3	30.19	30.19	12	362	0
20131101	30.2	30.5	30.02	30.1	49	1479	-0.2981
20131104	30	30.12	29.7	29.74	36	1098	-1.196
20131105	29.75	29.75	29.7	29.7	27	819	-0.1345
20131106	29.55	29.67	29.53	29.53	11	336	-0.5724
20131107	29.75	29.83	29.51	29.51	22	669	-0.0677
20131108	29.5	29.53	29.32	29.32	21	625	-0.6438
20131111	29.32	29.5	29.2	29.2	32	937	-0.4093
20131112	29.5	29.5	29.24	29.24	13	387	0.137
20131113	29.24	29.27	29.1	29.1	31	907	-0.4788
20131114	29.09	29.09	28.78	28.78	181	5229	-1.0997
20131115	28.98	29.7	28.98	29.15	92	2708	1.2856
20131118	29.64	29.64	29.15	29.15	29	850	0
20131119	29.2	29.44	29.2	29.44	38	1113	0.9949
20131120	29.7	29.7	29.3	29.6	20	589	0.5435
20131121	29.3	29.3	28.84	28.9	100	2908	-2.3649
20131122	28.95	29.16	28.92	29.09	25	731	0.6574
20131125	28.66	28.66	28.38	28.4	76	2178	0.3781
20131126	28.4	28.59	28.4	28.59	58	1654	0.669
20131127	28.8	28.94	28.66	28.94	28	809	1.2242
20131128	28.94	29.18	28.94	29.01	17	496	0.2419
20131129	29.1	29.29	29.1	29.11	16	470	0.3447
20131202	29.36	29.36	29.11	29.23	20	584	0.4122
20131203	29.24	29.24	29.09	29.11	13	379	-0.4105
20131204	29.02	29.26	29.02	29.26	18	524	0.5153
20131205	29.22	29.22	29.16	29.21	10	295	-0.1709
20131206	29.21	29.21	29.1	29.1	6	174	-0.3766
20131209	29.5	29.5	29.21	29.21	13	382	0.378
20131210	29.21	29.38	29.11	29.11	35	1021	-0.3423
20131211	29.29	29.29	29	29.08	46	1341	-0.1031
20131212	29.05	29.05	28.62	29	22	648	-0.2751
20131213	28.99	28.99	28.66	28.81	11	316	-0.6552
20131216	28.81	29.21	28.76	28.76	20	577	-0.1736
20131217	28.77	29.1	28.77	28.9	16	462	0.4868
20131218	29.07	29.31	28.9	29.31	17	500	1.4187
20131219	29.4	29.5	29.4	29.41	74	2180	0.3412
20131220	29.4	29.4	29.15	29.3	16	475	-0.374
20131223	29.4	29.49	29.2	29.25	20	585	-0.1706
20131224	29.3	29.3	29.25	29.25	10	292	0
20131225	29.5	29.5	29.21	29.25	17	498	0
20131226	29.3	29.43	29.25	29.25	35	1025	0
20131227	29.48	29.5	29.35	29.5	46	1359	0.8547
20131230	29.68	29.68	29.55	29.64	41	1214	0.4746
20131231	29.65	29.77	29.57	29.7	59	1750	0.2024
20140102	29.7	29.82	29.6	29.82	63	1872	0.404
20140103	29.75	30.15	29.46	29.57	91	2714	-0.8384
20140106	29.51	29.54	29.33	29.52	10	314	-0.1691
20140107	29.52	29.69	29.5	29.53	33	987	0.0339
20140108	29.7	29.89	29.7	29.75	47	1400	0.745
20140109	29.8	29.9	29.57	29.57	13	400	-0.605
20140110	29.62	29.65	29.48	29.48	19	561	-0.3044
20140113	29.73	29.94	29.54	29.54	25	755	0.2035
20140114	29.5	29.66	29.45	29.66	17	523	0.4062
20140115	29.66	29.94	29.33	29.33	91	2696	-1.1126
20140116	29.8	29.92	29.66	29.66	12	356	1.1251
20140117	29.66	29.66	29.44	29.65	14	418	-0.0337
20140120	29.65	29.73	29.58	29.58	92	2732	-0.2361
20140121	29.67	29.92	29.67	29.92	98	2954	1.1494
20140122	29.85	30	29.79	29.79	95	2843	-0.4345
20140123	29.88	29.88	29.71	29.72	28	841	-0.235
20140124	29.72	29.87	29.63	29.82	57	1695	0.3365
20140127	29.46	29.67	29.35	29.5	35	1048	-1.0731
20140205	29.06	29.14	28.84	29	90	2619	-1.6949
20140206	29.25	29.25	29.02	29.2	11	343	0.6897
20140207	29.37	29.37	28.92	29.36	54	1569	0.5479
20140210	29.49	29.62	29.49	29.5	65	1922	0.4768
20140211	29.5	29.53	29.4	29.44	16	471	-0.2034
20140212	29.5	29.69	29.5	29.69	35	1036	0.8492
20140213	29.69	29.85	29.51	29.51	50	1484	-0.6063
20140214	29.65	29.75	29.62	29.63	20	593	0.4066
20140217	29.7	29.7	29.5	29.5	27	797	-0.4387
20140218	29.65	29.7	29.51	29.51	22	651	0.0339
20140219	29.6	29.8	29.6	29.62	58	1734	0.3728
20140220	29.5	29.7	29.5	29.62	12	354	0
20140221	29.8	29.92	29.67	29.7	48	1429	0.2701
20140224	29.9	29.9	29.6	29.6	38	1127	-0.3367
20140225	29.8	29.86	29.65	29.65	49	1473	0.1689
20140226	29.79	30.05	29.79	29.99	60	1798	1.1467
20140227	29.99	30.05	29.97	29.99	61	1842	0
20140303	29.63	29.98	29.63	29.95	78	2325	-0.1334
20140304	30	30	29.78	29.78	24	748	-0.5676
20140305	29.85	30.07	29.85	29.98	49	1473	0.6716
20140306	29.98	30.09	29.98	30.08	46	1382	0.3336
20140307	30.18	30.21	30	30	60	1807	-0.266
20140310	30	30	29.78	29.8	40	1208	-0.6667
20140311	29.9	30	29.85	29.85	43	1290	0.1678
20140312	29.8	29.9	29.8	29.85	10	313	0
20140313	30	30.02	29.84	29.84	37	1108	-0.0335
20140314	29.84	29.89	29.7	29.8	37	1108	-0.134
20140317	29.71	29.9	29.71	29.76	10	317	-0.1342
20140318	29.8	30.2	29.8	30.11	46	1396	1.1761
20140319	30.2	30.2	29.81	29.94	7	209	-0.5646
20140320	29.6	29.63	29.4	29.4	110	3240	-1.8036
20140321	29.4	29.59	29.4	29.47	11	327	0.2381
20140324	29.3	29.4	29.13	29.4	32	940	-0.2375
20140325	29.4	29.8	29.4	29.67	49	1471	0.9184
20140326	29.73	29.98	29.73	29.98	14	421	1.0448
20140327	30	30	29.99	30	29	872	0.0667
20140328	30	30.09	29.78	29.96	32	957	-0.1333
20140331	29.96	29.99	29.8	29.9	29	867	-0.2003
20140401	30.1	30.11	29.95	30.1	94	2852	0.6689
20140402	30.1	30.34	30.1	30.25	143	4326	0.4983
20140403	30.29	30.37	30.25	30.25	26	789	0
20140407	30.02	30.25	30.02	30.25	27	844	0
20140408	30.12	30.35	30.12	30.34	76	2308	0.2975
20140409	30.44	30.44	30.27	30.27	42	1276	-0.2307
20140410	30.31	30.47	30.19	30.22	47	1429	-0.1652
20140411	30.16	30.16	30	30.02	33	990	-0.6618
20140414	30.14	30.14	29.91	29.99	22	662	-0.0999
20140415	29.99	30.15	29.88	30.05	35	1051	0.2001
20140416	30.05	30.1	30.01	30.02	29	887	-0.0998
20140417	30.09	30.21	30.09	30.21	62	1884	0.6329
20140418	30.3	30.3	30.12	30.29	83	2515	0.2648
20140421	30.29	30.38	30.21	30.26	25	759	-0.099
20140422	30.29	30.34	30.14	30.14	64	1936	-0.3966
20140423	30.29	30.3	30.11	30.11	69	2094	-0.0995
20140424	30.11	30.19	30.1	30.19	22	665	0.2657
20140425	30.19	30.19	29.6	29.61	25	747	-1.9212
20140428	29.55	29.79	29.3	29.79	65	1919	0.6079
20140429	29.78	30.1	29.78	30.1	18	541	1.0406
20140430	30	30	29.78	29.85	22	662	-0.8306
20140502	29.85	29.85	29.69	29.71	33	985	-0.469
20140505	29.9	30.04	29.64	29.64	19	569	-0.2356
20140506	29.75	29.99	29.75	29.99	16	486	1.1808
20140507	29.99	30	29.67	29.78	22	656	-0.7002
20140508	29.78	30.15	29.78	30.1	63	1896	1.0745
20140509	30.1	30.1	29.78	29.78	9	269	-1.0631
20140512	29.82	31.86	29.75	30	42	1304	0.7388
20140513	30	30	29.76	29.76	16	476	-0.8
20140514	29.43	30.29	29.43	30.29	15	449	1.7809
20140515	29.96	30.3	29.71	29.8	10	300	-1.6177
